S_MASS,P_PERIOD,P_DISTANCE,P_HABITABLE
2.7,326.03,1.3244178,0
2.78,516.21997,1.534896,0
2.2,185.84,0.83,0
0.9,1773.4,3.1305585,0
1.08,798.5,2.043792,0
2.3,993.3,2.60832,0
0.99,30.3506,0.19016758,0
1.54,452.8,1.3383987,0
1.54,883.0,2.167464,0
0.48,416.0,0.92,0
0.08,7336.5,3.2908045,0
1.93,335.10001,1.0316295,0
1.23,269.3,0.95118144,0
0.98,479.1,1.275918,0
1.03,1078.0,2.1010752,0
1.03,2391.0,3.6172872,0
1.03,14002.0,11.74848,0
1.75,11688.0,13.215,0
1.12,4.230785,0.052704453,0
0.91,14.65152,0.11522767,0
0.91,44.4175,0.24142428,0
0.91,4825.0,5.5039933,0
0.91,0.736539,0.01544,0
0.91,262.0,0.82465185,0
1.44,934.3,2.1156221,0
0.94,4.215,0.050562447,0
0.94,38.021,0.2196315,0
0.94,123.01,0.505155,0
1.52,796.0,1.976706,0
1.09,116.688,0.51924947,0
2.49,691.9,2.1143734,0
1.44,93.4,0.490882,0
2.4,952.7,2.553045,0
1.4,181.4,0.70025515,0
1.14,481.9,1.326,0
0.49,268.94,0.812799,0
1.08,153.22,0.57600029,0
1.1,137.48,0.5572182,0
0.8,578.2,1.328665,0
1.67,41.6855,0.27908623,0
0.74,392.6,1.02,0
1.09,733.0,2.19096,0
1.52,2590.0,4.45725,0
0.7,3.8728,0.0428,0
0.7,125.94,0.45590175,0
0.5,5.6,0.060675,0
0.5,237.6,0.692274,0
1.47,3.48777,0.040008,0
0.57,1667.0,2.28285,0
2.12,714.29999,1.696603,0
0.31,655.59998,1.535372,0
0.02,10037.5,2.6,0
0.9,8.9891,0.084223218,0
0.95,1.5089557,0.025304732,0
0.89,13.2406,0.12031747,0
1.27,2.99433,0.0436,0
1.08,2.828042,0.040258392,0
1.09,4.03519,0.051,0
1.13,1.51214,0.027,0
1.1,5.35227,0.06516501,0
1.04,3.7681,0.0461,0
0.95,1.9000693,0.0295944,0
1.21,3.89713,0.051857213,0
0.96,1.7429935,0.027982861,0
1.14,9.24285,0.1056645,0
1.14,1675.0,3.422,0
1.29,2.72474,0.0417,0
1.1,9.75598,0.092272734,0
1.14,3.6313,0.0486144,0
0.91,5.1134,0.056,0
0.91,11.759,0.098,0
1.09,4.86069,0.0578,0
1.09,4.20474,0.0526,0
1.05,3.57532,0.047700555,0
1.01,5.20851,0.060366601,0
0.97,2.85057,0.038729773,0
1.37,4.2568,0.057078415,0
1.16,9.20205,0.09,0
1.0,4.0378962,0.049670354,0
1.05,8.886593,0.0859275,0
0.82,0.85359163,0.016479635,0
0.82,3.698,0.046,0
0.88,6.21229,0.063,0
0.96,95.272656,0.40565637,0
1.08,6.71837,0.071,0
0.51,4098.1,5.75,0
0.07,246.36,0.3814245,0
1.01,8.138268,0.079427582,0
0.41,28.1656,0.13456027,0
0.78,2.13174,0.029833021,0
1.07,3.80464,0.048773043,0
0.67,2.71578,0.033327101,0
0.61,3.96151,0.041545756,0
0.8,4.16959,0.047054567,0
0.88,8.050722,0.075317114,0
0.93,4.50756,0.052115256,0
0.22,2.87814,0.023899659,0
0.56,5.29711,0.049007764,0
0.41,2.25372,0.024986426,0
0.71,1.58252,0.023704372,0
0.66,21.169861,0.1312358,0
1.17,19.49221,0.1493,0
0.83,2.28943,0.031941391,0
1.11,18.0983,0.13965047,0
0.91,34.885,0.20243356,0
0.95,15.2841,0.11846153,0
0.69,13.603,0.09996,0
0.69,65.55,0.2856,0
0.94,0.70531,0.015187007,0
0.97,0.571331,0.0134,0
0.97,13.339079,0.1091,0
1.32,6.180235,0.07229,0
1.09,3.38628,0.045408131,0
0.9,3650.0,4.5,0
0.18,1.628931,0.01567026,0
0.18,8.929,0.04933502,0
0.35,41.38,0.1779852,0
0.35,532.58,0.96533558,0
0.15,1.5804046,0.01411,0
0.18,3.6511,0.0260208,0
0.73,35.61253,0.19488419,0
0.4,8.63182,0.060861735,0
0.4,25.63058,0.12601452,1
0.4,603.95116,1.1020793,0
0.36,2288.0,2.4631405,0
0.29,18.6498,0.091556505,1
0.29,4.7234,0.036993948,0
0.9,133.71,0.55397465,0
0.68,1.22003,0.020055585,0
0.68,5.974,0.05734485,0
0.68,257.8,0.7337376,0
0.42,692.0,1.1569575,0
0.42,5312.0,4.6725855,0
0.69,4100.0,4.808025,0
0.42,30.5987,0.1436481,0
0.42,122.6196,0.36393859,0
0.42,48.1345,0.19533637,1
0.42,13.2543,0.083889864,0
0.16,5.3636,0.033688089,1
0.16,40.54,0.12822648,0
0.47,14.207,0.09327645,0
0.54,3.3366496,0.0355,0
0.34,3.93072,0.035,0
0.34,9.1247,0.061,0
0.34,55.661,0.204,1
0.45,2.64561,0.02879184,0
0.27,3.0232,0.0260637,0
0.63,6.905,0.061245086,0
0.5,2.64977,0.029,0
0.5,13.74,0.089106844,0
0.39,12.9532,0.0803997,0
0.41,13.352,0.0876129,0
0.59,7.3709,0.060192,0
0.47,2.6438831,0.029378176,0
0.52,8.7076,0.066823152,0
0.32300001,5.368,0.041009923,0
0.32300001,12.919,0.074280054,0
0.32300001,3.1530001,0.029226562,0
0.3,14.628,0.07902315,0
0.54,598.3,1.186075,0
0.33,7.2004,0.050926725,0
0.33,28.14,0.125025,1
0.33,62.24,0.2130426,1
0.33,39.026,0.1560702,1
0.33,256.2,0.5507568,0
0.35,4.6938,0.03978,0
0.73,1056.8001,1.919099,0
0.73,7337.0,6.6,0
0.73,3.6005,0.042807002,0
0.73,35.39,0.19138915,0
0.55,24.16,0.1344,0
0.45,38.14,0.170136,0
0.45,3657.0,3.571392,0
0.45,35.68,0.1656406,1
0.65,1882.0,2.35188,0
0.93,15.76491,0.110088,0
0.32,61.1166,0.20842634,0
0.32,30.0881,0.13383342,0
0.32,1.93778,0.02125278,0
0.32,124.26,0.33480563,0
0.6,73.94,0.3191688,0
0.61,1.2089819,0.0188,0
0.61,3.6480957,0.03925,0
0.61,6.2014698,0.05591,0
0.56,3.822,0.039669264,0
0.52,13.8508,0.096462547,0
0.42,15.5314,0.091971845,0
1.15,4.4652998,0.05561,0
0.81,4.8878024,0.053788455,0
0.81,3407.0,4.8758801,0
0.73,3.2130598,0.0384,0
1.22,2.91625,0.042679344,0
1.22,446.27,1.4881528,0
2.65,4.62767,0.075646006,0
1.0,10.8635,0.097706888,0
1.22,2.77596,0.041326762,0
0.99,10.33852,0.09821502,0
0.99,5584.0,6.02588,0
0.77,5.508023,0.056097215,0
0.84,4.008778,0.046704594,0
1.33,5.6335158,0.077253583,0
0.76,2.875317,0.036104061,0
1.24,4.12448,0.055492469,0
1.13,3.21222,0.04437715,0
0.58,1.21288,0.018670258,0
1.37,3.35524,0.048823419,0
1.01,3.6528151,0.046612326,0
1.12,4.23452,0.053567421,0
0.94,3.039577,0.04,0
1.02,3.257215,0.043456442,0
1.45,5.72319,0.07114532,0
1.06,2.8997,0.040567684,0
1.55,2.8106,0.045133614,0
1.31,5.00542,0.064603736,0
1.13,2.1500082,0.034399398,0
1.82,3.47447,0.054801493,0
4.26,5.45265,0.10777349,0
1.03,1.3273468,0.0241,0
0.93,2.797436,0.037963748,0
0.89,4.640382,0.052417387,0
1.4,3.54387,0.0509,0
1.03,4.45724,0.05351793,0
2.56,2.69405,0.051823488,0
1.18,4.641878,0.0575,0
1.05,3.332687,0.0443,0
0.94,4.301219,0.050749078,0
0.94,872.2,1.9657755,0
1.26,3.128992,0.045254263,0
1.28,4.463129,0.058136472,0
2.22,2.69155,0.049388842,0
1.04,2.78849,0.039273541,0
1.27,3.1220109,0.045599546,0
0.98,4.2180278,0.051073445,0
0.89,2.7535953,0.0369808,0
1.09,1.9616241,0.031873615,0
0.65,3.799847,0.041282723,0
1.01,3.5852467,0.046484769,0
1.42,2.79083,0.04359412,0
2.77,2.4653,0.050147504,0
1.79,3.85298,0.058388197,0
1.21,2.6054552,0.041335678,0
1.25,2.972086,0.043806702,0
1.64,4.8101025,0.06505,0
1.65,4.7869491,0.06555,0
1.56,2.20474,0.038440527,0
1.89,2.7443245,0.04739,0
1.27,3.07634,0.044819501,0
1.28,3.9228107,0.053056525,0
0.99,3.446459,0.04471968,0
1.1,3.312846,0.050546227,0
1.33,3.619188,0.0507,0
1.16,3.142702,0.0441,0
0.96,3.0440499,0.041234557,0
0.97,2.7667641,0.038534628,0
0.87,1.7474875,0.027335279,0
0.97,2.686502,0.03744,0
1.13,16.254611,0.130855,0
1.04,0.83784,0.0174,0
0.88,1.354133,0.023,0
0.76,4.7228124,0.050406805,0
1.12,2.1605156,0.034190737,0
1.07,1.3484978,0.0238,0
0.99,4.2986432,0.052429645,0
1.3,3.3023881,0.048771092,0
1.42,4.637038,0.071412489,0
0.93,3.1810781,0.042152807,0
1.03,4.6058749,0.05543339,0
1.21,3.547851,0.0485,0
1.09,3.1743516,0.043740632,0
1.27,3.37796,0.049097507,0
1.1,2.8126548,0.044703441,0
1.06,2.5495551,0.037389264,0
0.95,2.1061607,0.031844641,0
1.32,1.8209993,0.033487708,0
1.1,4.175186,0.0523,0
1.38,4.5776348,0.062341397,0
1.0,2.516729,0.036203059,0
1.56,3.2642736,0.05240214,0
1.5,4.193649,0.06250926,0
1.27,2.292102,0.037857274,0
0.84,4.3888497,0.050179845,0
0.86,2.7439004,0.037910209,0
1.27,4.1876244,0.056697168,0
0.92,4.7423729,0.062055428,0
0.94,4.763387,0.054209783,0
1.17,3.8297015,0.057177639,0
1.19,3.3488702,0.048915936,0
1.11,1.3666544,0.025735845,0
0.96,3.8537768,0.050118009,0
1.1,2.5441828,0.037928707,0
1.2,4.2042001,0.054349036,0
1.57,4.324799,0.060440908,0
1.03,2.350621,0.034943693,0
1.46,4.2180896,0.058798214,0
1.04,5.416081,0.061628549,0
1.04,1422.0,2.512625,0
0.57,3.3252725,0.03623,0
1.1,3.560829,0.047938763,0
1.08,7.817953,0.079414667,0
0.9,3.2768837,0.043478455,0
0.93,3.0566527,0.040632324,0
1.56,4.908897,0.066368101,0
1.26,3.105161,0.045056432,0
1.41,3.1414391,0.047236543,0
1.44,1.6091788,0.030369255,0
1.35,3.5862202,0.05074286,0
0.89,2.2252577,0.036434591,0
0.85,3.185315,0.040699734,0
1.78,1.8882378,0.036908384,0
1.06,3.583893,0.049969009,0
1.1,1.915291,0.0312,0
2.28,157.57001,0.682754,0
0.83,383.70001,1.096744,0
1.06,5.75969,0.064290848,0
1.06,16.357,0.12969337,0
1.06,49.748,0.270251,0
1.06,122.744,0.49638998,0
1.06,604.67,1.4763521,0
1.06,2205.0,3.3962568,0
0.57,70.46,0.301815,0
1.06,20.8133,0.15108,0
0.76,4.11377,0.05,0
1.45,127.58,0.5106375,0
3.21,778.09998,1.8499105,0
3.21,1123.0,3.1865023,0
0.85,122.1,0.486588,0
0.95,3090.942,4.0986477,0
1.66,6.4947,0.080755239,0
0.8,47.84,0.25,0
0.79,4.5557,0.04998416,0
1.33,5.8881,0.0702835,0
0.77,120.878,0.44692395,0
0.62,55.806,0.26,0
1.01,1032.3,2.0275111,0
2.3,199.505,0.9538475,0
1.01,1531.0,2.910672,0
1.39,1888.0,3.3971558,0
1.09,9.55237,0.091092232,0
1.09,21.05704,0.15731712,0
1.11,989.2,2.0376687,0
0.97,3630.0,5.3408873,0
1.13,1075.69,2.15164,0
1.12,48.056,0.26933625,0
1.27,10.8985,0.1163259,0
0.84,1129.0,2.7225,0
1.59,437.7,1.3206758,0
1.1,394.48123,1.048788,0
1.1,1624.0,2.7349424,0
1.2,68.27,0.332376,0
1.05,7.8543,0.08146875,0
1.05,30.93,0.198205,0
1.13,5.239891,0.0615,0
2.17,835.477,2.3683851,0
0.84,1143.0,2.0094,0
1.94,1056.4,2.5845,0
1.18,825.9,1.820819,0
1.4,324.0,1.017336,0
0.58,663.2,1.252152,0
0.58,1818.0,2.4888,0
1.49,610.2,1.66272,0
0.6,937.70001,1.7757585,0
1.27,4000.0,5.9000699,0
0.94,1121.79,2.0734501,0
0.8,83.9151,0.380808,0
0.85,493.7,1.1720269,0
0.85,4319.0,4.9155417,0
1.24,1622.1,3.1031457,0
1.24,223.41,0.78841536,0
0.83,670.0,1.65,0
0.83,907.0,1.7241985,0
1.05,2621.75,3.8336729,0
0.72,433.70001,1.1096745,0
1.08,25.8,0.182025,0
1.84,6.1335,0.0733635,0
1.0,16.9841,0.130104,0
1.12,1945.0,3.162656,0
1.12,37.91,0.239305,0
1.91,711.0,2.0844,0
2.39,2082.0,5.23654,0
1.62,63.33,0.3301485,0
1.01,58.83,0.29772765,0
0.29,9.6737,0.08,0
1.11,557.04,1.5142065,0
1.11,4.15514,0.052462906,0
1.11,2835.0,4.0878838,0
0.67,133.60001,0.540432,0
0.9,960.41,1.8381252,0
1.2,262.70862,0.900648,0
1.2,1708.0,2.8158524,0
1.26,1244.0,2.5691985,0
0.83,453.019,1.1337605,0
0.83,921.538,1.7619945,0
0.65,298.2,1.0113315,0
0.99,1840.0,3.6105,0
0.92,10.70871,0.092538896,0
1.34,896.0,2.0429248,0
1.19,1951.0,3.819216,0
1.35,2613.0,4.7497864,0
2.24,471.60001,1.2955625,0
1.03,974.0,2.094444,0
1.08,1544.0,2.683404,0
0.95,649.0,1.518408,0
0.95,3568.0,5.0290245,0
0.93,5769.0,7.2942075,0
1.09,3.2696,0.0488955,0
1.09,1291.5646,2.4072764,0
1.1,258.17999,0.8314245,0
1.1,5000.0,5.84176,0
0.81,11.5824,0.09431532,0
0.81,27.5821,0.16673328,0
0.81,107.5983,0.41447184,0
1.48,464.29999,1.3303125,0
1.14,14763.405,13.11672,0
0.68,330.0,0.947672,0
1.29,19.382,0.1540308,0
1.29,931.0,2.044616,0
1.3,4218.0,5.15103,0
1.35,1125.7,2.3718,0
1.32,11.53533,0.1131556,0
2.4,1455.0,3.8829513,0
1.07,94.44,0.415332,0
1.07,201.99,0.68979373,0
1.07,1069.8,2.0957224,0
1.07,5000.0,5.169,0
1.09,653.21997,1.626075,0
1.23,349.7,1.034739,0
1.23,6005.0,6.94994,0
0.9,1928.0,3.3415185,0
3.5,1299.0,2.78,0
1.07,386.29999,1.1925,0
1.51,2.1974,0.037992855,0
0.97,1039.15,2.0265761,0
1.2,103.95,0.4716225,0
1.23,176.3,0.764598,0
1.75,2730.0,4.6064607,0
1.02,5.77152,0.064337813,0
1.02,13.5052,0.11689545,0
0.93,44.236,0.26501856,0
0.93,1008.0,1.9389991,0
0.6,86.78,0.32379135,0
1.11,528.4,1.364616,0
1.43,676.6,1.7204213,0
1.38,116.596,0.53318359,0
1.38,491.54,1.395972,0
1.22,1027.0,2.78124,0
1.21,328.55,1.1640785,0
1.21,5062.0,6.1980469,0
1.07,339.331,1.0477919,0
1.64,331.5,1.053312,0
1.42,2.87589,0.044475466,0
1.2,4.07182,0.053007391,0
1.46,428.5,1.2626064,0
1.17,5894.0,7.18374,0
1.15,2918.92,4.7795107,0
1.3,686.5,1.661328,0
0.9,4.75615,0.05241141,0
0.9,17.1784,0.1269585,0
1.25,499.39999,1.353984,0
0.71,3341.5588,4.213368,0
1.18,163.94,0.71163,0
1.96,408.60001,1.426482,0
1.96,3452.0,5.369648,0
1.69,818.8,2.0016,0
1.15,194.3,0.6391035,0
1.15,391.9,1.033056,0
0.95,131.05,0.6135045,0
0.95,4191.0,5.1333148,0
1.25,842.2,1.925496,0
0.77,4.6455,0.05,0
1.38,359.51001,1.5246,0
1.3,521.0,1.563075,0
1.8,820.2,2.117745,0
1.12,12.62,0.110022,0
1.12,248.4,0.80225,0
1.19,1184.1,2.3206682,0
1.19,351.0,1.0494697,0
1.33,577.2,1.4987326,0
1.33,2149.0,3.6015634,0
1.08,643.25,1.5092634,0
1.08,4205.8,5.2603956,0
1.08,9.6386,0.092285184,0
1.08,310.55,0.92304258,0
1.11,75.523,0.37125,0
1.63,990.0,2.5016,0
0.42,8.4282,0.083136,0
1.12,75.2203,0.46221695,0
1.12,1272.0,2.397648,0
1.2,17.24,0.1428,0
1.12,280.17,0.89464014,0
0.99,40.0,0.23089056,0
0.77,641.472,1.4125238,0
0.76,1155.0,2.102625,0
0.76,75.765,0.34320942,0
1.02,434.5,1.1526,0
1.5,270.0,1.126543,0
0.81,5144.0,6.8800288,0
1.5,420.77,1.3252279,0
0.99,58.11247,0.33408434,0
0.99,1749.83,2.9006394,0
1.07,6.404,0.0704235,0
1.86,533.0,1.638528,0
1.4,225.62,0.8489205,0
1.4,2102.0,3.79602,0
1.1,1145.0,2.253552,0
1.53,550.0,1.549746,0
0.96,1532.0,2.6403615,0
1.41,21.21663,0.20702787,0
2.0,323.6,1.185578,0
1.37,1290.0,2.74992,0
1.39,298.43,0.98089875,0
0.71,29.01,0.16579843,0
0.98,623.8,1.431999,0
0.79,6.4898,0.063097127,0
0.79,16.8191,0.11951174,0
1.0,44.505,0.24643253,0
1.7,410.10001,1.1457,0
1.7,110.9,0.5368165,0
1.24,71.484,0.342057,0
1.14,14.479,0.12154574,0
1.21,3.092514,0.044310721,0
1.75,213.72,0.84576546,0
1.49,2278.0,3.9123842,0
2.2,396.03,1.509348,0
0.45,105.9,0.33999696,0
1.41,510.9,1.4080143,0
1.01,7462.0575,9.523704,0
1.69,564.1,1.5923853,0
0.63,9.3743,0.0864,0
0.63,962.0,1.828992,0
0.63,2172.0,3.3456,0
1.03,956.0,1.91253,0
1.31,626.51599,1.586552,0
1.31,3070.0,4.4742382,0
1.3,6.83776,0.079018979,0
1.19,1019.74,2.166151,0
1.0,3.0965828,0.04260226,0
1.0,3810.0,5.0452673,0
1.36,766.0,1.821456,0
1.09,461.2,1.2142896,0
0.79,2.2185757,0.030768152,0
0.99,2915.0369,4.1607585,0
0.99,17.111,0.13406222,0
1.07,1176.45,2.2869713,0
0.91,4885.0,6.393475,0
1.14,1606.3,2.8939134,0
0.66,24.3556,0.1501875,0
0.8,74.72,0.322704,0
0.8,525.8,1.240416,0
1.38,340.94,1.0665738,0
1.21,18.20132,0.140007,0
1.31,1378.0,2.5763895,0
1.29,3638.0,6.113356,0
1.28,1333.0,2.643024,0
1.11,1035.7,2.120094,0
1.36,466.2,1.3075898,0
0.88,11.8482,0.10371152,0
0.88,33.9239,0.197382,0
1.39,606.3,1.5709227,0
1.39,852.5,2.017868,0
1.27,1260.0,2.468322,0
1.91,517.8,1.5660947,0
1.91,946.6,2.3429181,0
1.72,3.308958,0.052117602,0
1.12,1552.9,2.8440062,0
1.23,1120.0,2.75451,0
1.03,1920.1,3.1512015,0
1.03,34.905,0.21242142,0
0.58,1733.0,2.7245475,0
1.22,279.8,0.9286592,0
1.42,96.045,0.47319345,0
1.55,673.2,1.7487,0
0.7,5.3135,0.0531645,0
0.7,13.8905,0.10080662,0
0.7,29.158,0.16569644,0
0.7,85.5073,0.33800732,0
1.07,597.0643,1.9808111,0
1.05,160.07,0.59737104,0
1.05,1155.7,2.1889824,0
0.7,18.315,0.1207,0
0.7,40.114,0.2036,0
0.7,90.309,0.3499,0
0.7,147.02,0.53040345,0
1.13,130.08,0.5390912,0
1.6,875.5,2.10672,0
0.39,380.85001,1.2171875,0
1.25,352.7,1.0525725,0
1.23,3.5247486,0.04855456,0
1.04,649.918,1.5298256,0
1.01,442.19,1.260176,0
1.61,354.1,1.14845,0
1.03,1558.0,3.2700672,0
0.61,25.201,0.14460875,0
1.55,2.24571,0.03,0
1.56,380.7,1.1934367,0
1.57,882.70001,2.056698,0
0.89,84.288,0.39096,0
1.31,1854.4,3.27349,0
0.77,5.75999,0.057638,0
0.77,7.28243,0.067393,0
0.77,10.86499,0.08799,0
0.77,25.1967,0.15417,0
0.67,3.93404,0.05064,0
0.67,567.94,1.4359041,0
1.3,1311.0,2.566272,0
1.17,1334.28,2.6224605,0
0.81,148.60001,0.654042,0
0.74,118.45,0.491487,0
0.8,22.6786,0.1465476,0
0.8,53.7357,0.25923357,0
1.0,7.12682,0.080676,0
1.0,4270.0,6.0309887,0
0.73,7.78993,0.0695,0
1.02,1319.0,2.5704,0
1.03,3501.3,5.8842158,0
0.76,225.7,0.72105,0
1.05,5501.0,8.063919,0
0.81,3.092926,0.03876,0
0.81,6.76458,0.065425507,0
0.81,46.859,0.23925671,0
0.81,22.717,0.14790228,0
0.81,94.2,0.3753,0
0.81,2247.0,3.115598,0
1.0,2093.3,3.456,0
0.92,6.03607,0.06356,0
1.18,3.83492,0.050958595,0
1.18,4682.0,7.6903476,0
2.2,672.09998,1.61568,0
1.02,2266.4,3.4009514,0
1.16,3724.7,5.582447,0
1.13,218.47,0.80038992,0
1.25,456.1,1.254,0
1.21,14.2767,0.12361201,0
1.67,22482.0,20.1317,0
1.19,1173.0,2.3234437,0
1.07,871.0,1.835856,0
1.21,3999.0,5.205792,0
1.12,572.38,1.697043,0
1.34,1189.1,2.5254374,0
1.31,26.6904,0.19203293,0
0.75,528.07,1.5584846,0
1.12,730.59998,1.608,0
1.21,1211.17,2.5653307,0
1.21,141.63,0.57179115,0
1.5,192.0,0.74793375,0
0.75,17.667,0.121,0
0.75,29.625,0.17,0
1.47,1561.0,2.8709665,0
1.47,4100.0,6.59376,0
0.82,501.75,1.17305,0
1.11,3668.0,4.923936,0
1.61,535.59998,1.3690125,0
1.22,2.0455,0.0348228,0
0.86,6019.32,6.6607495,0
1.08,1802.29,2.9736204,0
0.77,3.4442,0.04,0
1.43,4.12688,0.05703518,0
0.78,42.378,0.21910319,0
1.23,428.1,1.2732878,0
0.94,2198.14,3.2742271,0
0.8,18.02,0.12513806,0
0.8,36.07,0.19802227,0
0.8,5174.0,5.8601984,0
1.02,379.0,1.021275,0
1.06,1116.0,2.8553075,0
0.82,6.0881,0.060243,0
0.45,8.7836,0.066,0
1.53,380.2,1.1930986,0
0.85,1362.3,2.5201763,0
0.84,2443.0,3.440976,0
1.97,311.60001,1.2403935,0
1.05,2527.83,3.7526039,0
1.05,11613.0,10.129338,0
1.12,1157.0,3.015792,0
0.92,1684.0,2.733578,0
1.17,847.0,1.8534419,0
1.7,466.0,1.3167,0
0.96,16.5535,0.126027,0
0.96,51.2053,0.26651304,0
0.96,271.6737,0.83312224,0
0.94,0.959624,0.0186,0
0.94,29.83832,0.1841,0
0.94,8.509,0.082596536,0
1.13,157.54,0.5900295,0
0.94,2372.0,3.4183545,0
0.47,3.38773,0.04,0
1.41,326.0,1.0723305,0
1.41,834.0,1.9464169,0
1.38,18.1991,0.16280376,0
1.25,388.0,1.16358,0
1.84,551.40002,1.618,0
1.84,916.0,2.258928,0
1.14,1049.0,2.1454515,0
1.14,214.67,0.71856533,0
1.14,117.87,0.48187558,0
1.14,49.175,0.26978824,0
1.14,676.8,1.5437414,0
1.14,5700.0,6.3632563,0
1.15,82.467,0.41843193,0
0.8,62.25,0.35636369,0
0.85,154.378,0.53441805,0
0.85,885.5,1.7233594,0
0.85,1862.0,2.8429296,0
0.94,55.01292,0.34001061,0
0.94,2720.0,3.741683,0
1.37,363.20001,1.105731,0
1.41,14.30944,0.13447248,0
1.41,2136.1,3.8512592,0
1.21,685.25,1.6232345,0
1.09,2093.07,3.7289419,0
0.87,3.2498,0.0414018,0
0.77,4.3123,0.047736,0
0.77,9.6184,0.08004382,0
0.77,20.432,0.13242365,0
0.77,51.76,0.2470494,0
0.77,197.8,0.62523,1
2.0,578.6,1.44032,0
1.45,264.14999,0.8765625,0
0.7,963.0,2.1580477,0
0.4,1.3283,0.017477636,0
0.99,526.62,1.8018618,0
0.83,857.5,1.7034,0
1.25,431.88,1.328184,0
1.25,6700.0,7.15016,0
0.88,832.97,1.6634659,0
1.01,149.61,0.5639997,0
0.93,15.56,0.12,0
1.63,356.21,1.1695008,0
0.96,327.8,1.236894,0
1.32,36.9987,0.238754,0
1.0,472.3,1.4113995,0
1.03,5.8854,0.06455778,0
1.03,13.1354,0.1102695,0
1.02,963.6,2.5010726,0
0.82,226.93,0.69096034,0
0.82,342.85,0.90145576,0
0.92,44.073,0.28066121,0
0.92,3.023573,0.039878983,0
0.96,4.0845,0.05004,0
0.96,1353.6,2.4692462,0
1.74,360.2,1.2000555,0
1.74,2732.0,4.72167,0
1.81,363.3,1.218808,0
1.81,684.7,1.9246036,0
0.91,712.13,1.9686,0
1.31,778.51,1.8543805,0
1.32,400.5,1.1695417,0
1.03,4.94737,0.060243,0
1.25,2447.1,3.9686039,0
1.25,8619.9,9.02,0
1.04,1293.0,2.6483027,0
0.8,14.0726,0.1063289,0
0.8,95.9446,0.38463282,0
1.2,119.27,0.538954,0
1.27,637.1,1.5766442,0
1.27,872.2,1.9623169,0
1.29,1827.0,3.9702697,0
1.01,139.35,0.53153064,0
1.53,779.9,1.9139964,0
0.96,492.3,1.2055296,0
1.93,177.11,0.641568,0
1.9,299.36,1.0873575,0
1.5,201.9,0.796026,0
1.5,600.1,1.60072,0
2.1,589.64,1.640328,0
0.42,2.81805,0.04,0
0.65,358.0,0.967072,0
0.95,45.791,0.2477712,0
1.1,21.998,0.142023,0
0.87,577.6,1.3484215,0
0.87,5370.0,5.8330875,0
1.1,480.5,1.20294,0
1.08,2263.12,3.8883254,0
1.36,352.2,1.095606,0
1.36,2374.0,4.974768,0
1.08,2496.0,3.56775,0
1.12,1103.0,2.180981,0
1.28,6.27711,0.070504,0
0.86,8.667,0.0788925,0
0.86,31.56,0.1875717,0
0.86,197.0,0.6315435,0
1.0,851.8,1.9008,0
1.08,2124.54,3.3688069,0
0.77,615.0,1.384548,0
1.21,858.0,1.8944534,0
1.43,3658.0,4.86495,0
1.02,39.475,0.24839791,0
0.9,1245.36,2.2448461,0
1.14,188.3,0.6617325,0
1.14,379.1,1.070376,0
1.16,1750.0,3.0137346,0
1.24,51.645,0.34939683,0
1.24,2473.0,4.2092512,0
1.05,1255.5,3.387216,0
1.29,3.50927,0.0500225,0
1.26,341.2,1.036855,0
1.26,7900.0,9.4043082,0
1.26,422.9,1.1982056,0
0.99,3.97097,0.0502025,0
1.17,415.4,1.5699568,0
1.37,5.7361,0.060243,0
0.65,5.39792,0.060108,0
0.65,15.299,0.11394455,0
0.65,24.451,0.15851995,0
1.08,1807.0,3.4726313,0
1.15,111.4367,0.67999726,0
1.05,1001.7,2.212473,0
2.1,184.02,0.81,0
2.53,705.0,1.583871,0
1.2,441.47,1.1985841,0
1.2,220.078,0.79332646,0
0.8,158.991,0.54366,0
0.79,2.9857,0.040002,0
1.13,1313.0,2.4775625,0
0.76,799.52,1.544625,0
0.43,58.43,0.261573,0
1.34,227.0,0.7942,0
1.21,2.1378431,0.03460245,0
1.06,1695.0,2.87195,0
1.42,1475.0,3.5607,0
1.35,1634.0,3.8093208,0
1.66,1270.0,2.759304,0
1.12,13.481,0.11714625,0
0.66,2754.0,4.082811,0
1.26,3.414884,0.047923016,0
1.27,2166.0,3.3354,0
1.16,11.8143,0.10917972,0
1.86,256.78,1.1271438,0
0.84,49.77,0.2620125,0
1.03,1179.0,2.21584,0
1.15,325.803,1.0294125,0
1.15,11611.298,11.6109,0
1.08,10354.837,9.832121,0
0.7,143.58,0.4816746,0
1.0,30.052,0.19278,0
1.0,192.9,0.6551772,0
1.11,1576.0,2.766852,0
1.54,464.4,1.3696295,0
1.54,1785.0,3.4642922,0
3.7,482.0,1.287744,0
0.7,4375.0,5.15927,0
1.37,362.5,1.1260395,0
1.27,498.04,1.6445039,0
0.89,9.4909,0.084519876,0
1.41,433.8,1.2639318,0
1.03,6022.9725,8.999586,0
0.92,968.8,1.9116028,0
0.76,439.29999,1.1144955,0
0.48,17.0431,0.12375,0
1.46,841.0,2.041875,0
1.46,1278.0,2.8348377,0
2.1,184.2,0.810162,0
2.42,144.3,0.722916,0
0.78,499.48,1.3048944,0
0.87,232.08,0.71537886,0
0.81,9.1205,0.081211432,0
0.69,57.435,0.2536125,0
1.01,6.673892,0.070321513,0
1.01,147.747,0.55573172,0
1.01,981.8,1.9731983,0
0.79,41.516,0.2197776,0
1.17,15.572098,0.128569,0
1.17,31.70648,0.2065397,0
1.17,1114.0,2.2156187,0
1.17,1084.0,2.1756602,0
0.43,345.72,1.010328,0
0.43,9017.76,7.77546,0
0.57,7.76,0.06426,0
0.57,15.144,0.10098,0
0.29,8.1352,0.0712635,0
0.29,32.03,0.1782225,0
0.29,431.7,1.0468145,0
1.54,124.6,0.57994425,0
0.93,28.125,0.1787346,0
0.93,67.3,0.3182752,0
2.5,1084.5,2.8337445,0
2.41,2556.5,5.7645855,0
1.63,88.9,0.460575,0
1.63,2131.8,3.875199,0
0.63,17337.5,25.426153,0
0.66,87.19,0.34238675,0
1.74,822.3,2.105145,0
0.42,111.7,0.375138,0
1.17,1560.2,2.83584,0
0.97,5.0505,0.060012,0
1.93,1058.8,3.0244275,0
1.34,302.79999,0.929016,0
1.15,3.58599,0.05016,0
1.15,5.97293,0.06861657,0
1.15,11.23,0.10672584,0
2.1,734.0,2.0710156,0
0.92,19.3044,0.14352417,0
1.23,1.673833,0.0296,0
0.8,14.677286,0.10942993,0
0.77,9.915615,0.083186394,0
0.43,1.974238,0.02309315,0
0.99,8.267704,0.0796,0
1.3,3.313959,0.0475,0
1.17,4.733999,0.0581,0
1.35,39.93767,0.2257,0
0.75,13.86387,0.1027,0
0.88,5.35117,0.0621,0
1.04,5.817685,0.0642,0
0.89,11.391013,0.0954,0
0.95,20.272615,0.143,0
0.69,4.655411,0.0480864,0
0.54,1.2916,0.0189,0
0.54,5.444017,0.0492,0
0.76,50.92092,0.2499,0
0.76,7.727283,0.0698,0
1.01,8.28212,0.0802,0
0.69,9.562742,0.0787644,0
0.72,5.185761,0.0525,0
0.62,2.219282,0.0285,0
0.62,30.951524,0.1649,0
0.39,6.413651,0.049,0
0.49,21.750264,0.1213872,0
0.69,7.385655,0.0656,0
0.72,3.588163,0.0411,0
0.71,5.675819,0.0574812,0
0.36,8.239493,0.05748165,0
0.8,39.91488,0.2114,0
0.7,2.49412,0.0324624,0
0.84,0.36931,0.0095,0
1.08,9.1751,0.087981497,0
0.46,3.07133,0.03194,0
0.46,4.86784,0.04341,0
0.46,11.02454,0.07487,0
0.46,26.5841,0.1346,0
0.74,7.975292,0.070998731,0
0.74,17.307137,0.11941476,0
0.74,25.575065,0.1551315,0
0.46,0.179715,0.0058,0
0.93,2.35322,0.036544712,0
0.93,3.55987,0.046491208,0
0.93,5.40478,0.062392274,0
0.93,8.26144,0.081943248,0
0.93,12.75759,0.11120967,0
0.96,28.380619,0.1796,0
0.47,8.36802,0.0627,0
1.0,6.56918,0.0687,0
0.71,0.2803244,0.0074765787,0
0.71,7.7485,0.068350353,0
0.33,2.6446,0.026072706,0
0.33,4.00498,0.034195385,0
0.58,0.961917,0.0159,0
0.65,4.38395,0.0454,0
0.65,6.9226,0.0616,0
0.65,9.7579,0.0774,0
0.59,11.332,0.083,0
0.72,11.8104,0.091,0
0.46,10.59357,0.0727,0
0.47,3.835476,0.0373,0
0.63,32.6479,0.1716,0
0.55,7.51574,0.0614,0
0.65,3.67626,0.0405,0
0.65,7.95486,0.0677,0
0.65,6.342,0.0562,0
0.65,13.85,0.0946,0
0.65,40.718,0.1937,0
0.66,0.81314,0.0149,0
0.94,0.365257,0.0097937989,0
0.92,10.06049,0.0887,0
0.92,5.90279,0.0622,0
0.9,12.42205,0.1013,0
0.67,7.6188,0.0667,0
0.67,19.07863,0.1229,0
0.98,3.705871,0.046542007,0
0.99,9.283188,0.086136269,0
0.75,9.45889,0.0795,0
0.83,6.673117,0.065176056,0
1.18,17.355066,0.13859719,0
0.83,2.354992,0.032548317,0
0.83,4.382745,0.049245481,0
0.83,14.101361,0.10732715,0
1.07,8.52695,0.0858,0
1.02,9.977481,0.091283067,0
0.88,15.8523,0.11832195,0
0.99,6.380803,0.06708697,0
0.71,17.96753,0.119,0
0.96,7.576544,0.074458463,0
0.96,12.400047,0.10340674,0
0.89,5.628466,0.059552444,0
0.93,14.316941,0.11260838,0
0.93,29.62682,0.18286359,0
0.88,5.868699,0.06100494,0
0.7,19.562307,0.126,0
1.09,9.525988,0.090488158,0
0.94,5.329439,0.058479884,0
1.21,14.155185,0.12200615,0
0.95,8.747818,0.081661481,0
0.82,5.172191,0.054772665,0
0.36,32.939623,0.145758,1
0.36,8.962,0.066627,0
0.72,8.867209,0.0753,0
0.99,6.894256,0.0706,0
0.88,4.736837,0.0529,0
0.93,0.469269,0.011533251,0
0.93,10.792635,0.0932,0
0.93,22.631964,0.1527,0
0.86,16.995731,0.1229,0
0.98,10.616646,0.093880734,0
1.02,41.474219,0.23599082,0
0.98,0.77392,0.0164,0
0.98,2.872042,0.0392,0
0.98,7.14921,0.072,0
0.98,13.609878,0.1106,0
1.06,1.742169,0.0289,0
1.06,7.810253,0.0785,0
0.94,2.588309,0.0361,0
0.94,6.679195,0.068,0
0.93,7.9194,0.074,0
0.93,11.90715,0.0971,0
0.93,2.50856,0.0344,0
0.9,10.098858,0.088261622,0
0.9,21.574023,0.14640115,0
0.9,2.858646,0.038050816,0
0.9,4.162817,0.049,0
1.01,14.786889,0.1184,0
1.11,39.721386,0.2358487,0
0.94,15.852975,0.1208,0
0.94,28.482786,0.17876143,0
1.16,48.324222,0.27275464,0
1.0,8.357881,0.0806,0
0.8,17.042868,0.12029143,0
0.8,3.3596055,0.040744132,0
0.8,7.4500177,0.06928583,0
0.73,3.225338,0.0385,0
0.73,7.374694,0.0668,0
0.86,2.849883,0.037401905,0
0.96,1.05979,0.020063799,0
0.96,22.779878,0.15510801,0
0.97,3.405164,0.043838816,0
0.79,9.695101,0.082240703,0
1.01,7.055784,0.072218234,0
0.95,26.672263,0.17170806,0
0.79,18.294549,0.12558364,0
0.94,12.48749,0.10316577,0
0.93,4.190948,0.049645366,0
0.74,2.080615,0.028843498,0
0.68,9.325038,0.07638,0
0.68,15.50192,0.10935935,0
0.91,0.570233,0.013038418,0
0.88,0.669558,0.014350352,0
0.67,9.79551,0.0785,0
1.07,8.13087,0.080921172,0
1.05,8.596802,0.0834,0
1.0,8.269648,0.080014293,0
0.7,2.1748,0.028,0
1.1,14.074524,0.11774151,0
1.05,8.679885,0.083994073,0
1.02,3.901287,0.048810682,0
1.02,6.66767,0.069773795,0
1.02,11.137278,0.098226573,0
0.6,0.381078,0.0088,0
0.96,13.683256,0.1104,0
1.01,2.399094,0.03518154,0
1.0,15.387063,0.1211,0
1.06,0.50565,0.0127,0
1.06,4.56327,0.0549,0
0.91,4.47904,0.0516,0
0.91,10.09489,0.0886,0
1.27,15.87209,0.134,0
0.88,3.27108,0.0413,0
0.95,13.621832,0.10970871,0
0.71,2.69828,0.0338,0
0.87,0.58426,0.0131,0
0.87,8.32727,0.0769,0
1.11,2.86041,0.0409,0
1.01,13.841901,0.11317413,0
1.19,11.168454,0.10700668,0
0.8,2.46746,0.03317,0
0.8,7.06142,0.06687,0
0.8,24.3662,0.1527,0
1.23,2.1805577,0.0353,0
1.19,3.20466,0.046,0
0.4,5.24,0.0441,0
0.4,7.775,0.0576,0
0.4,10.115,0.0685,0
1.07,20.88977,0.15206909,0
1.07,42.3391,0.24370324,0
0.58,6.034,0.0513,0
0.58,20.523,0.1159,0
0.71,26.8199,0.1567,0
0.38,6.51389,0.0494,0
1.29,11.54182,0.1087,0
1.29,24.94598,0.1817,0
0.86,21.06884,0.1418,0
0.83,11.89307,0.0959,0
0.87,5.76918,0.0602,0
0.74,2.25021,0.0304,0
0.74,6.49424,0.0615,0
0.88,7.17256,0.0699,0
1.32,12.409,0.1151,0
0.29,3.484552,0.03085237,0
0.8,4.01457,0.0459,0
0.52,9.30075,0.0694,0
0.79,13.81513,0.1041,0
1.08,4.00167,0.0506,0
0.71,4.09639,0.0448,0
0.71,12.11839,0.0923,0
0.71,1.96417,0.0274,0
0.84,5.52011,0.0578,0
0.52,1.60588,0.0216,0
1.21,19.0921,0.149,0
1.14,15.48043,0.1271,0
0.56,14.5665,0.0962,0
1.39,2.6266657,0.0404,0
1.1,11.63344,0.1097571,0
0.88,50.818947,0.25982154,0
0.5,5.840002,0.05023,0
0.5,19.660302,0.11283,0
0.92,2.369172,0.033879105,0
0.69,0.658524,0.01306,0
0.69,7.814,0.067959888,0
0.69,14.697,0.10361432,0
0.69,19.482,0.12501547,0
0.84,2.151894,0.0308,0
0.84,9.326841,0.0819,0
1.16,4.144965,0.0531,0
0.87,6.771315,0.069131164,0
0.85,1.543069,0.0247,0
0.85,4.400028,0.0497,0
0.83,8.562421,0.077,0
0.81,14.453533,0.1081,0
0.9,11.716332,0.0974,0
0.81,14.129714,0.1064,0
0.79,3.280961,0.04,0
0.79,8.438756,0.075,0
0.82,18.718269,0.1291,0
1.02,6.326763,0.0675,0
1.4,3.334966,0.0488,0
0.79,7.122605,0.067,0
0.26,2.260455,0.0214,0
1.11,19.895202,0.1488,0
0.82,8.687721,0.0773,0
0.94,4.169836,0.0499,0
0.89,1.921036,0.0291,0
0.63,4.795069,0.047855134,0
0.83,3.471745,0.03817,0
0.83,7.138048,0.0824,0
0.83,10.45582,0.1178,0
0.83,14.76289,0.18041,0
0.64,27.359,0.1768,0
1.06,14.893291,0.13437759,0
0.33,31.393463,0.164,1
0.95,13.156969,0.107,0
0.94,3.2588321,0.042261846,0
1.19,9.21165,0.0923,0
1.19,48.36685,0.305,0
0.93,2.225177,0.03261,0
0.96,13.1225,0.10738518,0
0.99,2.50387,0.035958022,0
0.74,4.024867,0.0451,0
0.6,10.05449,0.0769,0
0.6,24.64354,0.1399,0
0.6,44.55983,0.2076,1
0.9,4.098503,0.04839,0
0.91,1.25785,0.022,0
0.86,8.991828,0.08035,0
0.86,20.66186,0.1399,0
0.86,31.7142,0.1862,0
0.86,4.34882,0.04951,0
0.56,5.424865,0.049792605,0
1.15,2.995633,0.0426,0
0.7,5.608352,0.055396,0
0.7,2.399964,0.03126195,0
0.79,1.422614,0.0223,0
0.79,5.340888,0.054,0
0.9,4.44117,0.0511,0
0.9,6.42904,0.0654,0
0.9,14.09189,0.1103,0
2.24,4.01593,0.064681932,0
2.24,10.56103,0.0964,0
0.66,4.60543,0.047156075,0
0.64,10.003417,0.0782496,0
0.7,6.68796,0.0617,0
0.57,3.471149,0.03719204,0
0.57,2.198884,0.027432752,0
1.15,5.65688,0.0651,0
0.5,1.7292684,0.0224,0
0.96,19.1541,0.13821,0
0.75,31.6372,0.1779,0
0.77,20.5065,0.1344,0
0.51,2.77065,0.0309,0
0.61,5.73594,0.0532,0
0.61,10.93241,0.0818,0
0.61,8.7529,0.0705,0
1.69,3.535055,0.054,0
0.85,12.20772,0.098,0
0.42,9.7843,0.0671,0
0.7,2.849258,0.03486,0
0.68,9.0063,0.0746,0
0.89,7.05254,0.0692,0
0.89,2.53726,0.035,0
0.89,22.8827,0.1517,0
0.77,20.6921,0.1354,0
0.77,11.2954,0.0905,0
0.97,30.94191,0.1898,0
0.97,3.00265,0.045,0
1.21,2.57302,0.0392,0
0.77,6.67202,0.0636,0
0.77,16.1966,0.1148,0
1.4,20.257,0.1627,0
1.4,25.4556,0.189,0
0.74,6.53044,0.0619,0
0.87,12.6475,0.1014,0
1.11,5.06963,0.05983,0
0.73,8.05428,0.0708,0
0.55,7.06599,0.0591,0
0.97,28.67992,0.1814,0
0.94,13.97896,0.1112,0
0.48,6.98541,0.0559,0
0.27,5.577212,0.040242,0
0.27,15.189034,0.0784719,0
0.27,7.760178,0.0503025,0
0.27,24.158868,0.1066413,1
1.05,7.49543,0.07619,0
0.96,19.5666,0.1402,0
1.16,7.8142,0.081,0
1.16,18.311,0.1429,0
0.8,8.199796,0.074583647,0
1.06,10.99573,0.0987,0
0.78,10.35239,0.0856,0
0.78,5.06416,0.0532,0
0.9,19.0918,0.135,0
0.9,5.605,0.0596,0
0.9,28.867253,0.17777092,0
0.75,6.102325,0.0591062,0
0.48,2.74697,0.03014,0
0.48,9.99767,0.07131,0
0.95,6.4215,0.0665,0
0.95,27.86,0.1768,0
0.57,0.684533,0.01263,0
0.79,8.77683,0.077,0
1.16,9.726618,0.094,0
0.26,4.6122,0.0345,0
0.35,1.096026,0.01462,0
0.3,18.4498,0.091,1
0.63,13.733314,0.096,0
0.63,2.900706,0.03563175,0
0.29,1.419549,0.0164,0
0.44,10.134016,0.0696,0
1.2,8.406726,0.086,0
1.2,10.136448,0.0974,0
1.63,18.251985,0.1597,0
1.32,1.217514,0.024661208,0
1.11,4.1662739,0.0525,0
1.44,4.7361,0.062312867,0
1.59,5.031623,0.06708,0
1.24,1.7100566,0.03005,0
2.06,3.32944,0.055511047,0
1.21,0.9689951,0.02044,0
1.64,3.0801716,0.04881,0
1.52,2.8717518,0.0455,0
1.62,4.6117093,0.0637,0
1.54,4.11379,0.058011114,0
1.76,3.4741085,0.0542,0
1.46,3.6127647,0.05224,0
0.94,2.255251,0.03302,0
1.96,2.70339,0.047519009,0
1.2,2.9895932,0.04317,0
1.42,7.8457,0.088936133,0
1.42,1276.0,2.4426995,0
1.76,2.73477,0.046198476,0
0.81,3.24406,0.040001638,0
2.52,1.4811235,0.03462,0
1.01,854.083,1.7671908,0
0.98,1322.3,2.3413785,0
1.07,440.7813,1.1590966,0
0.98,1320.1,2.3387808,0
1.63,840.0,2.0730838,0
1.04,31.8099,0.19901946,0
1.04,75.2,0.35318256,0
0.98,572.3847,1.3398113,0
1.82,17.85523,0.20549679,0
0.99,86.647661,0.49583294,0
1.72,1.763588,0.036410007,0
0.96,10.95416,0.095352357,0
0.96,22.3395,0.15549587,0
1.02,20.4415,0.14729443,0
1.02,13.6088,0.1123003,0
0.95,3.90512,0.0477,0
1.2,7.008151,0.074,0
1.2,8.719375,0.089,0
1.2,59.73667,0.32,0
1.2,91.93913,0.42,0
1.2,124.9144,0.48,0
1.2,210.60697,0.71,0
1.2,331.60059,1.01,0
1.01,141.24167,0.59968627,0
0.5,0.240104,0.006,0
0.5,0.342887,0.0076,0
1.28,3.743208,0.052789688,0
1.28,10.423648,0.11066518,0
1.28,22.342989,0.16844075,0
1.28,54.32031,0.30465498,0
0.89,1.706291,0.0269,0
0.28,121.54,0.31922595,0
0.91,0.837491,0.0172,0
0.91,45.294301,0.24092715,0
1.08,6.88705,0.072667402,0
1.08,12.8159,0.1099386,0
1.08,35.3331,0.21615833,0
1.4,120.01813,0.53257833,0
0.9,14.30512,0.11132296,0
1.22,4.3364293,0.055596956,0
1.11,3.5548569,0.047188042,0
1.11,5.2878979,0.061490202,0
1.0,6.4980152,0.06813392,0
0.78,19.76172,0.13165103,0
0.73,5.1850021,0.052777619,0
0.81,12.439312,0.097919414,0
0.59,11.350119,0.082882055,0
1.17,3.4876812,0.047575285,0
1.17,6.02976,0.0684,0
0.86,34.268571,0.19630877,0
0.91,5.753222,0.060878523,0
0.95,5.5086044,0.059994552,0
0.81,18.93055,0.12955277,0
0.88,16.571104,0.12187223,0
1.49,16.004942,0.14193006,0
0.99,1.9545243,0.030484705,0
0.99,105.65514,0.43582793,0
0.93,7.2340047,0.071436976,0
0.91,49.101351,0.25424495,0
0.7,1.4112299,0.021857847,0
0.81,5.28696,0.055353095,0
0.81,7.07142,0.067195829,0
0.81,10.3117,0.086408821,0
0.81,16.1457,0.11651339,0
0.81,27.4536,0.16598574,0
0.87,96.91515,0.39410364,0
0.89,13.474696,0.10657423,0
0.71,10.994699,0.086308036,0
0.93,62.138771,0.29962566,0
0.81,66.416213,0.29912588,0
1.09,37.322949,0.22488943,0
0.79,36.515605,0.19908457,0
0.91,1.9078052,0.029166167,0
0.9,2.5146243,0.034933261,0
0.82,4.4176965,0.049307322,0
1.09,15.9654,0.12767473,0
1.09,179.612,0.64102552,0
0.8,19.329524,0.13082387,0
1.09,1.2262173,0.023069066,0
0.77,3.2901179,0.039671696,0
0.94,7.5605281,0.073833523,0
0.83,12.124009,0.097043496,0
0.98,2.7140775,0.037815201,0
0.95,122.88081,0.47541566,0
0.82,1.0637887,0.019084659,0
0.87,148.46034,0.52370851,0
0.79,0.93488424,0.017293801,0
0.98,201.1214,0.66715047,0
1.06,24.757642,0.1694667,0
0.75,10.132026,0.083239124,0
0.92,38.50534,0.21699655,0
1.08,6.7740887,0.07187062,0
0.86,26.410455,0.16501609,0
1.04,14.37508,0.11719998,0
1.08,56.188689,0.29449873,0
1.08,3.188976,0.043492894,0
0.75,6.9210102,0.0645619,0
0.51,3.2734607,0.034464424,0
0.96,5.4122,0.0732897,0
0.96,7.1262,0.071477931,0
1.09,15.378755,0.12452766,0
1.09,21.128457,0.15389703,0
1.43,25.962002,0.19327709,0
1.03,34.853828,0.21084127,0
0.74,2.4143516,0.031850809,0
1.22,4.3065569,0.055341334,0
0.98,2.2950362,0.033815146,0
1.12,27.495606,0.18510768,0
1.07,14.088274,0.11673722,0
0.73,110.96546,0.40682635,0
0.75,3.764191,0.043017425,0
1.0,6.16486,0.065784721,0
1.0,13.5708,0.11132171,0
1.0,23.9802,0.16270895,0
1.0,43.8445,0.24328742,0
0.99,46.877937,0.25353249,0
1.09,2.7579827,0.0396016,0
0.75,9.3041208,0.07864061,0
1.09,14.079715,0.11741249,0
0.85,16.540803,0.12032437,0
0.94,3.6093089,0.045099134,0
0.94,2.3703074,0.034073908,0
0.98,1.9315598,0.030143269,0
0.95,0.76212926,0.016048576,0
1.01,16.923441,0.12940244,0
0.99,23.89903,0.16179862,0
1.24,3.1800218,0.04544,0
1.24,4.901452,0.06064,0
1.24,7.95839,0.08377,0
1.24,14.749143,0.12639,0
1.21,6.2216147,0.070529925,0
0.86,6.1799844,0.062661477,0
1.2,1.5690665,0.028075717,0
1.0,8.6788859,0.082632751,0
1.0,4.0258225,0.049516047,0
0.6,5.9456653,0.054161865,0
0.56,1.5237282,0.021355539,0
0.79,6.1472792,0.060697929,0
1.02,34.351187,0.20813133,0
0.94,3.0072524,0.039933014,0
1.08,13.245032,0.11237926,0
1.1,77.25484,0.36637368,0
0.88,3.8569186,0.046113783,0
1.03,1.5432066,0.02638789,0
0.81,33.417799,0.18922992,0
1.12,2.0533368,0.032826331,0
1.11,219.32175,0.73678094,0
0.7,18.784257,0.12276416,0
0.7,161.51633,0.51525225,0
0.96,0.69384285,0.015127739,0
1.08,23.127486,0.16295578,0
0.52,5.1324856,0.046816164,0
1.04,6.48163,0.068914429,0
1.04,21.2227,0.15195714,0
0.86,198.68018,0.63354689,1
1.01,1.4347416,0.024972716,0
0.99,58.601793,0.29421303,0
1.13,25.082463,0.17462878,0
1.13,89.722292,0.40844724,0
1.14,78.100023,0.37346104,0
0.94,4.2710309,0.05045536,0
0.66,2.8922175,0.03458158,0
0.82,187.74703,0.60047682,0
0.99,2.5430729,0.036332377,0
1.01,2.1684526,0.032888946,0
0.96,10.3039,0.091092138,0
0.96,13.0241,0.10703617,0
0.96,22.6845,0.15500124,0
0.96,31.9996,0.19501404,0
0.96,46.6888,0.25002113,0
0.96,118.3807,0.4712425,0
1.21,6.4220006,0.072036329,0
0.94,81.315106,0.35974907,0
0.96,51.328562,0.26658726,0
1.11,19.79192,0.14823218,0
1.3,5.0372801,0.062751109,0
0.71,4.4215722,0.047023341,0
1.11,1.2527522,0.023542937,0
0.86,0.57103852,0.012807154,0
0.88,4.5100575,0.051182932,0
1.05,37.646738,0.22338683,0
0.73,9.6931203,0.080092696,0
1.1,8.7961786,0.086066963,0
1.34,14.362679,0.12745831,0
1.12,42.300495,0.24668678,0
0.87,14.974357,0.11347881,0
1.6,23.554073,0.18804433,0
0.95,41.697783,0.23129136,0
0.95,4.7902846,0.054658574,0
0.96,38.671507,0.22072967,0
1.11,8.3265153,0.083226074,0
0.78,2.9490291,0.037039102,0
1.29,13.151411,0.11867367,0
0.92,42.191736,0.23063424,0
0.93,4.3394645,0.050811416,0
0.35,2.852349,0.027733243,0
0.95,17.670064,0.13048969,0
0.92,108.59333,0.43315263,0
0.97,5.1233035,0.057561688,0
0.94,61.617817,0.29901277,0
1.0,24.33978,0.16433144,0
1.0,76.536959,0.35271482,0
0.75,4.754,0.050261575,0
0.75,8.92507,0.076489954,0
0.9,5.4529818,0.058525673,0
1.03,3.5323245,0.045831319,0
0.87,62.891623,0.29540048,0
0.93,11.555623,0.09761865,0
0.84,17.13264,0.12269274,0
0.96,76.957857,0.3492223,0
0.72,2.3617243,0.031100916,0
1.5,23.921079,0.18594899,0
0.95,3.1706001,0.041512453,0
0.94,0.81316672,0.016698286,0
0.76,24.086271,0.14892255,0
1.01,2.3445119,0.034645883,0
0.97,18.302725,0.13451704,0
0.81,2.8889048,0.036996449,0
0.81,210.63059,0.64568231,0
0.98,17.146473,0.12923142,0
0.79,3.9707677,0.045356016,0
0.74,2.3522658,0.031302406,0
1.09,10.62785,0.097337907,0
0.81,1.1044635,0.019488218,0
1.02,3.730899,0.047378932,0
0.76,2.7878684,0.0353695,0
0.88,65.647842,0.30512943,0
0.55,1.6468019,0.022355858,0
0.91,1.7558353,0.027595983,0
1.26,5.1856142,0.063314017,0
1.26,8.4580831,0.087729915,0
1.03,33.469743,0.20522183,0
1.0,11.895205,0.10195868,0
0.76,4.4574316,0.048361958,0
1.41,13.539629,0.12463895,0
1.19,22.708168,0.16626977,0
0.92,7.9703496,0.075931809,0
0.59,10.712525,0.079748307,0
0.89,32.563707,0.19192378,0
1.22,6.117869,0.069935274,0
0.85,3.9759977,0.046517169,0
1.13,9.478522,0.091277301,0
0.9,33.240688,0.19530067,0
0.79,1.0039337,0.018135183,0
0.87,55.822654,0.27282844,0
1.24,6.1100913,0.070255757,0
1.13,18.795923,0.1446756,0
1.13,50.790391,0.28054627,0
0.8,9.9896933,0.084250856,0
1.58,1.4425922,0.029095398,0
0.92,26.020442,0.16710212,0
0.86,0.7698536,0.015629597,0
1.04,6.8922522,0.071795096,0
0.9,37.94563,0.21332001,0
1.01,24.173858,0.16412724,0
0.98,106.24755,0.43597764,0
0.8,31.80634,0.18234003,0
0.84,2.6850575,0.035664683,0
1.09,16.860129,0.13240132,0
1.17,4.8933752,0.059426094,0
1.04,11.173946,0.099081306,0
1.0,28.505719,0.18258464,0
1.05,53.599104,0.28271208,0
0.96,104.3519,0.42782572,0
0.95,16.076776,0.12252275,0
1.06,18.870641,0.14140647,0
1.04,17.136954,0.13176794,0
1.11,3.7885898,0.049234432,0
0.76,10.458434,0.085393577,0
0.85,5.6001485,0.058449692,0
0.86,25.203479,0.15994943,0
1.08,2.8326521,0.040189533,0
0.94,16.223713,0.12283412,0
0.74,8.4964224,0.073690391,0
0.98,66.184903,0.31799788,0
0.78,2.0323184,0.028898075,0
0.93,7.6847716,0.074374578,0
0.94,15.04472,0.11680863,0
1.17,4.4379629,0.0553,0
0.74,1.1185497,0.019070276,0
1.15,15.187259,0.12571732,0
1.03,28.685132,0.18516542,0
0.64,0.58800076,0.011834633,0
1.03,85.735028,0.38420309,0
0.84,1.0783904,0.019414221,0
0.8,1.2169977,0.020704561,0
1.06,13.682371,0.11412631,0
0.8,11.085076,0.090302273,0
1.23,25.369116,0.18100122,0
0.94,8.0712407,0.077122135,0
0.96,11.018168,0.095573958,0
1.1,12.941301,0.11133347,0
1.14,5.3498241,0.062522669,0
0.85,18.826343,0.13116758,0
0.95,4.7670396,0.05448161,0
0.99,4.3703454,0.052127287,0
1.06,2.0323251,0.032009111,0
1.06,22.922127,0.16098354,0
1.25,16.104677,0.13441495,0
1.0,7.4269374,0.074481669,0
0.87,12.00096,0.097909909,0
0.84,1.9169443,0.028488897,0
0.8,16.301259,0.11677602,0
1.18,13.323516,0.11620268,0
1.13,7.0107543,0.074652703,0
1.02,17.292345,0.13170802,0
0.97,94.288758,0.40124235,0
0.78,0.57736958,0.012488502,0
0.54,86.828989,0.31242851,1
1.06,9.9566154,0.09233209,0
1.01,10.417252,0.093637999,0
0.92,26.783918,0.17035501,0
1.16,45.126304,0.2605846,0
0.8,11.94014,0.094888266,0
0.93,4.1605586,0.049405082,0
0.86,31.057162,0.18384433,0
0.94,84.573323,0.36929588,0
1.3,4.1478756,0.055128285,0
1.4,5.1910402,0.065622861,0
0.98,4.8663815,0.055811327,0
0.84,18.55257,0.12938146,0
0.77,13.627984,0.10232008,0
0.96,16.832073,0.1267725,0
1.46,3.7042817,0.053141015,0
0.86,4.354093,0.049614373,0
0.86,2.9365847,0.038156692,0
0.73,11.322715,0.088835026,0
0.86,13.712202,0.10659754,0
1.21,7.4672541,0.079654803,0
1.19,24.334713,0.17411761,0
0.99,2.6075438,0.036943867,0
0.92,45.090464,0.24108045,0
1.06,15.054033,0.12163169,0
0.97,68.886191,0.32547797,0
0.78,9.9911331,0.08355086,0
0.78,3.6008428,0.042313328,0
0.78,5.7271723,0.057654683,0
1.08,36.291934,0.22005145,0
1.17,12.412775,0.110531,0
0.9,2.6683138,0.036342515,0
0.99,0.98494017,0.019304616,0
0.8,0.66308526,0.013811869,0
1.06,19.118775,0.14264336,0
0.82,48.430899,0.24333012,0
0.99,8.6790024,0.082357122,0
0.84,4.5513997,0.05070288,0
0.99,0.96852602,0.01908954,0
0.71,6.4944129,0.06076063,0
0.8,28.474748,0.16937377,0
1.15,13.031394,0.11351923,0
1.06,40.990399,0.23717357,0
1.1,37.333154,0.22561618,0
1.28,6.033562,0.07040909,0
1.13,3.0255955,0.04263271,0
1.06,51.13097,0.27483216,0
0.94,28.625653,0.1793587,0
1.45,6.981527,0.080897017,0
1.23,3.6569111,0.04976082,0
1.14,12.57201,0.11051324,0
0.94,40.836501,0.2272922,0
1.11,3.2394134,0.044353524,0
1.21,23.47741,0.17095094,0
1.09,15.09,0.12296397,0
1.09,22.804,0.16192942,0
1.2,66.557906,0.34148353,0
0.87,3.1160279,0.039848948,0
0.92,2.1319465,0.031522672,0
1.16,12.946098,0.11334999,0
0.84,0.66407381,0.014052282,0
1.2,14.796746,0.12531819,0
1.0,11.254029,0.098261092,0
0.96,11.476859,0.098208408,0
1.2,2.7612242,0.040923341,0
1.1,7.9901963,0.080725749,0
0.95,4.6950013,0.053931343,0
0.84,8.6304328,0.077676748,0
0.95,3.276464,0.042431432,0
1.18,5.5765478,0.065020032,0
0.99,115.68623,0.46299441,0
0.92,3.8137197,0.046452028,0
0.87,8.3839865,0.077087333,0
0.99,1.68189,0.027579497,0
1.45,7.1281193,0.082025496,0
0.94,19.940087,0.14094085,0
1.29,22.241909,0.1684564,0
0.85,9.0823705,0.080682994,0
0.86,8.8392266,0.079546038,0
1.01,7.5612722,0.075627533,0
0.85,16.128885,0.11831835,0
0.97,13.563097,0.11015547,0
0.98,16.295954,0.12492177,0
1.06,18.016211,0.13710517,0
0.35,2.1043381,0.022643449,0
0.85,28.843265,0.17431931,0
1.02,16.092,0.12554024,0
1.02,25.5169,0.17071102,0
0.91,0.67933627,0.01465255,0
1.05,11.172699,0.099390468,0
1.05,2.5357342,0.036980701,0
0.99,5.4483253,0.060380491,0
0.92,3.8330912,0.046609194,0
0.6,5.4247493,0.050950261,0
0.8,0.84338011,0.016213935,0
1.04,87.973214,0.39212181,0
0.83,0.56887443,0.012624471,0
0.73,213.25766,0.62885951,0
0.56,2.8867627,0.032697379,0
0.8,0.86838653,0.01653287,0
0.54,11.128305,0.07941944,0
0.54,2.2264911,0.027167819,0
0.9,0.96286738,0.018420498,0
1.18,0.92990668,0.019698347,0
0.78,4.1158447,0.046257313,0
0.93,33.878684,0.19996542,0
1.45,42.351427,0.26907764,0
1.02,14.888011,0.11919757,0
1.0,4.5215889,0.053502031,0
0.72,9.3364659,0.07775746,0
0.97,10.107691,0.090545756,0
0.72,0.78916165,0.014976064,0
0.95,11.874568,0.10011427,0
0.94,109.64718,0.43908694,0
0.94,15.645917,0.1199001,0
0.77,6.2640685,0.060941171,0
0.94,23.198681,0.15590536,0
0.94,5.7772121,0.061711255,0
0.7,24.400255,0.14615213,0
1.04,0.93511806,0.018956797,0
0.94,1.3415551,0.023314414,0
1.27,0.66502692,0.016143719,0
0.79,132.99683,0.47128051,0
0.93,2.2157104,0.032459801,0
0.95,3.3518316,0.043079654,0
1.09,4.7683049,0.057046333,0
1.32,44.616956,0.27000233,0
1.14,3.4016567,0.046231518,0
0.82,14.009475,0.10642952,0
1.04,27.572274,0.18092659,0
1.16,2.1282393,0.034015421,0
0.55,4.4968604,0.043675382,0
0.55,1.7667891,0.02342899,0
0.7,0.91614077,0.016387663,0
1.11,1.8778827,0.030836342,0
0.76,24.754397,0.15166394,0
1.16,76.613377,0.37085031,0
0.88,1.2895881,0.022214563,0
0.82,0.63400294,0.013515797,0
0.93,3.0091324,0.039807484,0
0.82,7.0631734,0.067418759,0
0.78,59.497095,0.27449743,0
1.51,40.528641,0.26485606,0
0.83,3.5755496,0.04299627,0
0.8,136.20563,0.4808426,0
0.76,2.9419409,0.036660922,0
1.49,13.321962,0.12558867,0
1.0,7.6999348,0.076295851,0
1.0,4.77468,0.055480334,0
0.62,2.164571,0.027918237,0
0.62,1.5740903,0.022576669,0
1.07,0.67564949,0.015409378,0
0.99,25.873148,0.17059023,0
1.19,20.264168,0.15411482,0
1.19,7.4414211,0.079030695,0
0.87,3.4462039,0.042616386,0
0.87,2.0054127,0.029704242,0
0.98,1.3115556,0.023286776,0
1.22,1.2912328,0.024791293,0
0.85,10.652767,0.089734095,0
1.47,3.3004192,0.049316782,0
0.98,5.3088066,0.059144747,0
0.86,0.74092842,0.01523561,0
0.7,11.953989,0.090827526,0
0.83,0.88184115,0.016909437,0
0.52,10.3126,0.074545733,0
0.52,13.7813,0.090442133,0
0.52,23.0881,0.12757614,0
0.96,10.310825,0.091438459,0
0.96,25.384269,0.16671567,0
1.36,16.358306,0.13969518,0
1.26,13.909358,0.12222812,0
0.78,15.362628,0.11130588,0
1.15,2.8887986,0.041580242,0
1.02,6.7397238,0.070275565,0
0.82,2.2795267,0.031720787,0
0.63,12.28546,0.089306698,0
0.63,5.5360815,0.05249179,0
0.63,20.956816,0.12749895,0
0.63,37.632708,0.18836494,0
0.81,99.253095,0.39099148,0
0.98,6.4802167,0.067552994,0
1.03,54.409233,0.283729,0
0.88,15.14104,0.1147557,0
0.95,2.4435781,0.034895404,0
1.64,3.9376637,0.057537358,0
1.17,3.7847065,0.050071774,0
1.18,18.220642,0.14316802,0
1.09,47.449955,0.26392201,0
1.13,2.7881568,0.040372021,0
1.13,4.1382759,0.052530959,0
0.97,1.6386531,0.026921017,0
1.51,6.790123,0.080541471,0
0.83,9.0668942,0.079954201,0
1.07,11.200664,0.10018438,0
0.9,2.0338791,0.030325442,0
1.11,5.194922,0.060767295,0
0.84,15.931474,0.11688891,0
1.05,28.227418,0.18436852,0
1.05,11.629058,0.10207883,0
1.1,20.07115,0.14917246,0
1.21,2.9979319,0.043349675,0
0.83,0.76486493,0.015378904,0
0.63,60.866168,0.25954165,1
0.95,86.115089,0.37509126,0
1.06,3.6146051,0.046987832,0
0.84,13.182964,0.10302549,0
0.8,3.5157632,0.041997098,0
0.89,0.63642408,0.01392528,0
1.09,1.4951495,0.02632943,0
1.02,20.350521,0.14681147,0
0.77,22.476443,0.14283178,0
1.01,42.521589,0.23916063,0
0.82,6.6996001,0.065084877,0
1.25,6.9131112,0.076488344,0
1.15,18.605194,0.14393453,0
0.79,23.955378,0.15030979,0
1.02,29.609174,0.18850686,0
0.97,14.45413,0.1149286,0
1.02,14.256323,0.11580162,0
1.01,0.96897238,0.019223137,0
1.28,10.676072,0.10300395,0
1.05,4.4848749,0.054084507,0
0.77,2.4605099,0.032685606,0
1.03,5.8660153,0.06427135,0
1.09,23.910901,0.16712793,0
1.14,4.1359227,0.052665488,0
1.47,8.0533362,0.089385256,0
1.21,4.4534328,0.056437523,0
1.06,9.705716,0.090774368,0
0.93,10.929546,0.094060069,0
0.97,2.3194201,0.033938012,0
0.46,8.0739285,0.060788127,0
0.98,39.859484,0.22678068,0
1.0,39.441984,0.22671595,0
1.34,81.416294,0.40521489,0
1.19,2.4181132,0.037354502,0
1.03,33.42035,0.20501988,0
1.13,10.600523,0.098345364,0
0.81,0.68996783,0.014241545,0
0.97,56.674729,0.28577646,0
0.95,12.270659,0.10232836,0
1.08,13.227453,0.1122798,0
1.28,22.951,0.17157235,0
1.28,42.882,0.26027328,0
0.71,54.509417,0.25094394,0
1.0,35.622233,0.2118314,0
1.41,42.913751,0.26893475,0
0.97,47.16117,0.25282685,0
0.9,47.031948,0.246142,0
0.62,49.276764,0.22425127,0
0.64,18.137383,0.11639991,0
1.01,51.111024,0.27037078,0
0.96,47.987276,0.25488878,0
0.78,62.869161,0.28477349,0
0.7,29.963325,0.16759803,0
0.79,29.349477,0.17210184,0
1.0,65.648834,0.31841554,0
0.96,25.15864,0.16572629,0
1.02,31.77859,0.19760566,0
1.02,5.3278629,0.060082082,0
0.75,31.827711,0.1785392,0
1.01,31.175045,0.19445603,0
0.86,47.056904,0.24252581,0
1.04,8.2398487,0.080872368,0
1.04,3.5455302,0.046093688,0
0.92,21.86353,0.1487941,0
0.8,16.29509,0.11674655,0
0.95,3.638994,0.045506312,0
1.16,38.131283,0.23290734,0
1.09,14.427355,0.1193373,0
1.04,36.433345,0.21786462,0
1.18,82.177374,0.39081548,0
0.98,10.358632,0.092353465,0
0.81,11.5553,0.093223497,0
1.04,26.084059,0.17435623,0
0.99,14.532614,0.11613161,0
0.85,22.126799,0.14608141,0
0.8,5.94221,0.059589748,0
0.88,12.253832,0.099659431,0
1.25,9.5085156,0.094599327,0
0.94,30.454914,0.18692057,0
1.11,19.915772,0.14884994,0
1.08,54.649576,0.28909596,0
1.38,7.3194636,0.082121226,0
1.05,39.818993,0.23189934,0
0.93,82.294751,0.36134217,0
0.9,92.436297,0.38620579,0
1.0,16.586176,0.12725468,0
0.77,16.75255,0.11741595,0
1.06,15.021798,0.121458,0
0.96,91.080482,0.3907361,0
1.03,85.273256,0.38282229,0
1.18,64.658802,0.33308521,0
0.96,8.7419977,0.081910661,0
0.86,48.051405,0.24593091,0
0.82,44.2008,0.22894664,0
1.02,4.942782,0.057242852,0
1.0,15.03301,0.11918096,0
1.2,14.556453,0.12395775,0
1.44,41.708363,0.26573321,0
0.77,96.16987,0.37644295,0
0.85,82.304003,0.35069523,0
0.93,30.860937,0.18790714,0
0.95,14.032915,0.11190497,0
0.89,16.050621,0.11975697,0
1.14,20.70565,0.15412406,0
1.0,25.43382,0.16921959,0
1.19,84.703921,0.39990875,0
1.17,23.238279,0.16789619,0
0.73,20.359726,0.1313606,0
0.99,160.88465,0.57685198,0
1.21,217.83176,0.75483526,0
1.3,214.31142,0.76475251,0
1.04,7.2593198,0.074322097,0
1.58,5.5460837,0.071403505,0
1.54,5.111779,0.067049855,0
0.94,240.79894,0.74185994,0
0.76,0.65355357,0.013447293,0
0.81,47.148408,0.23803963,0
0.96,1.8478892,0.029065909,0
0.97,0.93875077,0.018569505,0
1.17,70.96746,0.35340908,0
1.07,2.4166012,0.036039116,0
0.73,3.908632,0.043715323,0
1.21,160.12992,0.61482714,0
1.03,1.7911102,0.029143172,0
0.81,5.3390569,0.055716127,0
0.92,2.5904434,0.035893975,0
0.92,5.3227406,0.058013495,0
1.16,1.1385434,0.022416197,0
0.91,1.0936636,0.020127006,0
1.31,308.5471,0.97756956,0
0.9,5.7166887,0.060397656,0
1.08,138.9442,0.53853151,0
0.71,364.75803,0.89111198,0
0.81,1.4444538,0.023306317,0
1.03,175.13882,0.61855303,0
0.84,133.30367,0.48176002,0
0.74,125.41312,0.44342019,1
0.86,8.406912,0.076930763,0
0.94,3.9511688,0.047903718,0
0.94,2.8922302,0.038908164,0
0.94,5.9927374,0.063236672,0
0.94,5.1011576,0.056797776,0
1.39,6.9671027,0.079655536,0
0.81,168.81117,0.55710713,1
0.84,163.69235,0.55244401,0
0.95,19.597497,0.13981416,0
1.12,0.69297968,0.015912163,0
0.99,124.82868,0.48707693,0
0.88,214.88655,0.67268223,0
1.07,225.58281,0.74160875,0
1.14,24.49737,0.17240803,0
0.85,184.77185,0.60127494,1
0.85,4.2426188,0.048574149,0
0.84,198.08877,0.62734907,0
1.04,8.1050163,0.079987711,0
0.97,8.8271346,0.082726878,0
1.11,3.740325,0.048815391,0
0.83,3.5047036,0.042426425,0
0.86,0.97191543,0.018256941,0
1.02,3.0319574,0.041259599,0
1.07,1.005207,0.020082039,0
1.02,64.273775,0.31603281,0
1.0,3.432766,0.04452518,0
0.93,18.054038,0.13143775,0
0.76,1.5381884,0.02379325,0
0.84,0.53991524,0.012241079,0
0.95,153.97958,0.55257708,0
1.09,20.925392,0.15290938,0
1.25,5.7918016,0.067975959,0
0.92,26.548955,0.16935725,0
1.23,3.3855549,0.047267703,0
0.97,5.4954862,0.060316696,0
1.01,2.6157554,0.03726903,0
1.06,6.9424334,0.072602681,0
0.95,2.5531421,0.035930843,0
1.05,6.9847197,0.072667237,0
0.78,6.3056025,0.061474095,0
0.9,1.4508869,0.024211001,0
0.75,0.84990789,0.015950631,0
1.47,56.644928,0.32813763,0
1.12,6.2838549,0.069193664,0
0.28,4.8381771,0.036617054,0
0.94,9.3280735,0.084933721,0
1.1,13.39971,0.1139473,0
0.94,3.5827463,0.044877591,0
1.45,15.604921,0.13829504,0
1.08,9.4060467,0.089451762,0
0.96,7.8493174,0.076235028,0
1.18,0.99166527,0.020561128,0
1.11,7.617608,0.078432543,0
1.1,8.1850495,0.082032886,0
1.18,3.0571007,0.043552195,0
0.81,174.50984,0.56957536,0
1.06,2.7160381,0.038836082,0
0.84,4.5638047,0.050794967,0
0.95,66.373379,0.31531652,0
1.25,2.9465418,0.043319951,0
1.07,4.3419512,0.053263223,0
0.99,122.36355,0.48064308,0
0.69,228.776,0.70481678,0
0.86,386.37055,0.98706348,0
1.04,2.2092195,0.033626364,0
1.22,11.179316,0.10452969,0
1.21,2.2716393,0.036029999,0
0.81,0.68368426,0.014154947,0
0.86,85.75655,0.36184335,0
0.9,196.43522,0.63836637,1
1.14,13.647368,0.11672855,0
0.75,16.473569,0.11509464,0
1.18,114.34219,0.48708855,0
0.91,8.7018157,0.08021642,0
0.94,5.1762429,0.057353766,0
0.96,3.917951,0.047970322,0
1.08,1.5184299,0.026520434,0
0.79,3.9466141,0.0451719,0
1.04,47.312619,0.25932159,0
1.21,6.7628438,0.074563151,0
1.15,27.478557,0.18666868,0
1.41,6.1082602,0.073315243,0
1.0,23.622591,0.16108728,0
1.15,101.95183,0.44737551,0
1.15,92.263714,0.41856491,0
1.31,10.811874,0.10468086,0
1.0,4.3612835,0.052229888,0
0.5,3.2903045,0.034355026,0
0.96,287.37895,0.84056242,0
1.51,4.1396297,0.057873027,0
0.87,7.2028365,0.069665594,0
0.55,76.378033,0.28858657,0
1.01,3.8759581,0.048439843,0
0.66,509.9974,1.0874339,0
0.97,4.0951393,0.049576887,0
1.12,448.30356,1.1902286,1
1.2,186.40427,0.6784855,0
0.92,374.87624,0.98938231,0
0.89,469.63111,1.1371319,0
1.01,425.47785,1.1105412,0
1.02,6.1096032,0.065824103,0
0.97,259.33683,0.78766757,1
1.12,9.878482,0.093549695,0
1.27,7.5844126,0.081794751,0
1.12,19.672266,0.14807617,0
1.12,32.657212,0.20760365,0
0.88,12.205751,0.099398568,0
0.88,6.6513802,0.066314978,0
0.92,5.3426451,0.058158033,0
0.89,21.090776,0.14367061,0
1.02,16.177956,0.1259869,0
0.24,4.4855838,0.03307191,0
1.22,1107.5923,2.7250917,0
0.22,8.68909,0.0514,0
0.33,1.53818,0.018018031,0
0.52,9.8786392,0.07305161,0
0.4,38.09722,0.1654,1
0.72,140.2524,0.4706,1
1.01,1047.8356,2.0944788,0
1.03,11.872879,0.103,0
1.03,31.578659,0.26584126,0
1.45,3.8493728,0.054507272,0
0.77,4.3931632,0.0483,0
0.77,7.406114,0.0684,0
0.77,21.803855,0.1415116,0
0.77,1071.2323,1.8936326,0
1.16,1.4857108,0.025911568,0
0.97,3.504725,0.0447,0
0.97,7.64159,0.0752,0
0.97,14.85888,0.1172,0
0.54,3.8867907,0.0343,0
0.54,7.267302,0.0451,0
0.54,13.342996,0.0781,0
0.54,22.407704,0.11,0
0.54,129.9441,0.4323456,1
0.94,9.28716,0.085294922,0
0.94,28.731,0.18376304,0
0.94,62.95,0.30368631,0
0.95,3.6961153,0.046320835,0
0.95,10.854091,0.09611472,0
0.95,77.6113,0.3506,0
0.95,6.0985228,0.0639,0
0.95,19.577585,0.1396,0
0.95,34.94,0.20781187,0
1.41,2.78578,0.042725543,0
0.97,289.8623,0.849,1
1.12,7.38449,0.077288525,0
1.12,9.84564,0.094392337,0
1.12,14.78869,0.1225084,0
1.12,19.72567,0.14853695,0
1.19,6.238297,0.070264787,0
1.19,12.7207,0.11299016,0
1.19,122.4,0.51546662,0
0.54,12.28,0.084808567,0
0.54,17.2559,0.10639778,0
0.54,3.543919,0.039,0
0.54,46.827915,0.22,1
0.65,15.3348,0.118,0
0.65,31.3309,0.191,0
0.9,10.435478,0.090212204,0
0.9,7.4108627,0.071807461,0
0.9,5.2497254,0.057062148,0
0.75,5.9123,0.062,0
0.75,8.9858,0.081,0
1.08,34.545,0.21,0
1.08,125.8518,0.51,0
1.08,66.0634,0.33,0
0.98,10.3384,0.092233171,0
0.98,13.2884,0.1090352,0
0.5,10.864384,0.08330155,0
0.5,5.8416366,0.054936845,0
0.5,19.850291,0.1244251,0
0.5,34.14211,0.17820205,1
0.5,63.33627,0.26888475,1
0.99,29.33434,0.18015876,0
0.99,60.323105,0.30001848,0
0.99,143.34394,0.500121,0
0.91,10.4208,0.09046017,0
0.91,13.0729,0.10522154,0
1.21,20.8613,0.16,0
1.21,42.6318,0.26,0
1.21,87.6451,0.4,0
0.58,5.90124,0.05,0
0.58,8.7522,0.09,0
0.58,22.7802,0.13,0
0.58,2.896,0.033,0
0.58,0.74296,0.013,0
1.1,34.921,0.21579013,0
1.1,71.312,0.34733527,0
1.29,5.66793,0.0677,0
1.29,13.17562,0.1189,0
1.29,21.77596,0.1662,0
1.29,31.7844,0.2138,0
1.29,41.02902,0.2535,0
1.05,288.822,1.107646,0
0.89,131.458,0.60400226,0
1.07,13.83989,0.11538769,0
1.07,16.23855,0.12836986,0
0.87,13.36731,0.10520717,0
0.87,21.302,0.14353668,0
0.87,39.7922,0.21771146,0
0.87,51.196,0.25753722,0
0.94,105.599,0.46343716,0
1.29,21.08721,0.16502861,0
1.22,3.21346,0.0456,0
1.48,6.87349,0.08,0
1.07,2.42629,0.036135379,0
1.07,4.62332,0.055540116,0
1.0,0.66931,0.014971354,0
1.0,3000.0,4.0699628,0
1.08,2.46502,0.036632321,0
0.92,68.9584,0.32001006,0
1.15,1.8555582,0.03101,0
1.21,17.833648,0.12437157,0
0.87,3.005156,0.037899675,0
0.87,7.834435,0.074330985,0
0.87,58.02035,0.28128557,0
0.87,31.509728,0.18602381,0
1.17,1.7208604,0.02897,0
0.82,66.262,0.35777779,0
0.89,4.7,0.052808617,0
0.89,7.171,0.069988396,0
0.67,4.176,0.044399166,0
0.67,8.708,0.072468083,0
1.0,6.319,0.066876745,0
1.0,12.209,0.10374399,0
0.9,12.331,0.10082988,0
0.9,15.943,0.11966591,0
0.98,86.67856,0.3882632,0
1.39,69.7546,0.49836947,0
1.39,675.47,1.708439,0
0.13,1.2137672,0.0116,0
0.13,0.45328509,0.006,0
0.13,1.865169,0.0154,0
0.79,704.1984,1.2200246,0
1.15,7.8914483,0.082,0
0.85,2.6843285,0.035856471,0
1.01,3.3118644,0.044,0
1.01,223.3,0.73,0
0.93,3.7970182,0.04892648,0
0.91,3.2175188,0.04207068,0
0.96,10.290994,0.10578295,0
0.87,3.5256325,0.04434786,0
1.32,3.0240949,0.046,0
1.17,35.968,0.2244,0
1.17,110.979,0.4757,0
1.07,6.803,0.0719,0
1.07,8.703,0.0847,0
1.07,11.922,0.1045,0
1.32,52.501129,0.34066872,0
1.32,406.2,1.3232074,0
1.46,5.3340838,0.068380766,0
1.2,12.87471,0.11528075,0
1.54,8.6001536,0.09541601,0
0.73,64.00205,0.34511895,0
0.73,16.797139,0.11555109,0
0.71,66.65062,0.2880576,0
0.54,35.23319,0.1660747,0
0.88,178.1396,0.56325335,0
1.12,3.2467293,0.044697139,0
0.57,101.11141,0.2559876,1
0.57,207.2482,0.6432,0
0.61,112.3053,0.4093272,1
0.74,177.6693,0.49799475,1
0.76,3.6001053,0.042314784,0
0.76,4.5458841,0.05115532,0
0.76,6.189392,0.060972,0
0.76,7.743493,0.069948,0
0.76,9.740486,0.084510255,0
0.18,2.984151,0.02289888,0
0.18,4.871229,0.031746273,0
0.18,8.15275,0.04475104,0
0.22,1.565409,0.015924616,0
0.22,3.036179,0.024766731,0
0.22,5.148921,0.035220425,0
1.0,7.7943013,0.07748171,0
0.97,12.58242,0.10482664,0
0.97,33.6727,0.2022218,0
0.59,2.455239,0.0301815,0
1.35,28.454851,0.20159444,0
1.35,15.413135,0.1339579,0
1.35,7.51464,0.083777674,0
1.04,384.843,1.046,1
0.94,240.503,0.79080927,0
0.85,10.57,0.089268696,0
0.85,523.9,1.2047981,0
0.98,20.740284,0.14671057,0
1.07,220.13034,0.72961,0
0.98,8.3137831,0.079759797,0
1.59,84.687981,0.44040929,0
0.87,8.9810168,0.080704853,0
1.21,7.2569652,0.07815223,0
1.23,9.9406725,0.096921868,0
1.04,51.079263,0.27290852,0
1.04,3.7092138,0.047501637,0
1.05,24.993242,0.17000214,0
0.96,38.478757,0.21999561,0
0.96,49.4643,0.28776344,0
0.96,303.227,0.96473296,0
0.96,187.366,0.69940137,0
1.4,24.669196,0.18549074,0
1.49,5.0142346,0.06546986,0
0.85,4.1762555,0.048066286,0
1.06,14.557317,0.11894123,0
0.99,5.6606729,0.061939353,0
0.86,3.1055082,0.039606289,0
1.03,14.006406,0.11481707,0
0.87,11.119907,0.093057219,0
0.85,13.221758,0.10363553,0
0.86,12.493413,0.10018356,0
0.88,4.778,0.053190557,0
0.88,9.67395,0.085128113,0
0.88,42.8961,0.22976419,0
0.88,982.0,1.8524428,0
1.25,4.9195838,0.060967511,0
1.01,10.060826,0.091489748,0
0.75,56.354186,0.26130484,0
1.28,30.229104,0.2061562,0
0.96,10.045569,0.089863433,0
1.07,3.2432598,0.043848893,0
0.79,30.360447,0.17603163,0
0.91,15.358768,0.11715503,0
0.91,38.651998,0.2167561,0
1.07,3.1208292,0.042738323,0
0.82,17.276296,0.12239057,0
1.08,3.2686952,0.044214741,0
1.04,4.2253845,0.051812135,0
0.94,11.720123,0.098894836,0
1.36,3.0038766,0.045131238,0
1.1,8.0251182,0.080960791,0
0.86,3.4130362,0.042179649,0
0.86,8.3086494,0.076330129,0
1.09,3.5732037,0.047064151,0
0.98,9.6137536,0.087871271,0
0.87,5.6325284,0.05913141,0
1.37,3.5484657,0.0538,0
1.24,7.81254,0.077,0
1.24,9.37647,0.087,0
1.02,8.5083244,0.082086608,0
1.03,5.6406776,0.062614677,0
1.15,4.2868643,0.054096436,0
0.33,9.5492754,0.060859421,0
0.55,27.52198,0.14613365,0
1.19,6.8834055,0.075028704,0
1.16,3.5680969,0.048005019,0
1.16,25.308897,0.17721931,0
1.1,41.746004,0.243062,0
1.04,45.154,0.25160112,0
1.04,85.312,0.38403763,0
1.04,130.194,0.50901629,0
0.91,19.556594,0.13763182,0
1.0,296.63786,0.87028329,0
1.17,34.43588,0.21822892,0
1.02,28.862356,0.18532364,0
1.28,5.651796,0.067406824,0
0.9,19.963713,0.13902235,0
1.62,24.854624,0.19571286,0
0.95,60.928323,0.29782667,0
0.96,8.5120359,0.080467826,0
0.89,24.307895,0.15793236,0
1.1,19.674161,0.14719892,0
1.1,5.2110426,0.060709529,0
1.34,22.208132,0.17043254,0
1.54,38.584228,0.25800197,0
0.93,5.8359831,0.061907969,0
1.09,7.9741981,0.080372918,0
1.09,1.8889791,0.030770636,0
0.95,18.684049,0.13543516,0
1.15,5.4584983,0.063551278,0
1.28,13.285356,0.11916856,0
1.01,19.782974,0.14359668,0
1.07,1.9803577,0.031559726,0
1.07,12.834502,0.10970426,0
0.98,18.648953,0.13667462,0
0.98,38.558304,0.22181805,0
0.98,9.751962,0.091,0
0.97,39.309419,0.22392259,0
0.78,29.884857,0.17345037,0
0.87,12.924916,0.10287294,0
0.78,28.511205,0.16809372,0
1.05,15.959945,0.12606473,0
1.18,4.9033216,0.059675647,0
0.92,1.8270823,0.028440958,0
1.07,3.2475552,0.043887601,0
0.96,81.737807,0.36353702,0
1.05,125.63243,0.53673374,0
1.05,1000.0,2.7225,0
1.02,172.70498,0.61081948,0
1.41,5.0800585,0.064837819,0
0.93,13.144976,0.10637602,0
0.7,13.89962,0.10043325,0
1.16,21.416169,0.15854654,0
1.04,13.249341,0.11099843,0
1.11,4.1470203,0.05229273,0
0.78,6.0103843,0.059540057,0
0.93,4.4541943,0.051703107,0
0.88,42.949565,0.22995506,0
0.88,117.0405,0.44863647,0
0.87,8.6001041,0.078406448,0
0.65,12.376466,0.090687017,0
1.03,5.2634158,0.059790715,0
0.92,4.030468,0.048195795,0
0.92,328.23995,0.90552371,0
0.93,1.9022086,0.029320809,0
1.03,16.217754,0.12660449,0
1.0,11.722922,0.10097181,0
1.11,3.7059895,0.048516188,0
0.85,29.007905,0.17498203,0
0.96,17.587523,0.13053784,0
1.32,10.5016,0.1028,0
1.32,21.40239,0.1652,0
1.32,1002.0,2.2032,0
0.34,18.477644,0.095448023,0
0.96,58.362049,0.29041587,0
0.96,5.350162,0.059044292,0
0.93,18.009314,0.13122059,0
0.8,22.184327,0.14340702,0
0.95,3.7508323,0.046433973,0
0.98,4.2437472,0.050943008,0
0.83,18.427946,0.12828825,0
0.84,16.542974,0.11986113,0
0.55,11.023475,0.079404076,0
0.95,34.188905,0.20261623,0
0.83,5.7293196,0.058875908,0
0.83,11.609257,0.09427688,0
0.93,4.301662,0.050515896,0
0.93,4.7985994,0.054335066,0
0.83,17.205235,0.12254888,0
0.99,22.183297,0.1539591,0
0.95,7.6588041,0.07473512,0
0.97,9.3789194,0.086139433,0
0.99,29.911368,0.18790809,0
0.78,25.695783,0.15683717,0
0.87,1.6168837,0.0257317,0
0.99,9.6685772,0.088504021,0
0.67,8.2224197,0.0697484,0
1.0,40.606982,0.2311586,0
0.93,18.492357,0.13355661,0
0.94,6.5100253,0.066825255,0
1.17,35.18103,0.22136582,0
0.96,2.7523598,0.037908514,0
0.94,2.1047222,0.031478596,0
0.92,10.940278,0.093783064,0
1.01,4.2216254,0.051278637,0
0.88,16.549649,0.12176701,0
1.04,11.868171,0.10314382,0
1.04,17.980124,0.1360554,0
1.1,5.8529626,0.065598053,0
0.97,81.16943,0.36310187,0
1.04,2.8201924,0.039570647,0
1.08,21.21709,0.15385373,0
0.91,13.646182,0.10827565,0
0.87,25.302923,0.16098909,0
1.21,21.300227,0.16021168,0
0.97,13.023659,0.10721498,0
0.87,3.7017543,0.044697959,0
0.83,15.655627,0.11507542,0
1.21,3.2346996,0.04852,0
1.04,7.1334,0.073460135,0
1.04,8.9187,0.085255363,0
1.04,11.8981,0.10331715,0
0.84,23.675176,0.15221758,0
0.85,5.3788684,0.056899678,0
1.08,15.284695,0.12363896,0
1.01,21.053586,0.14968125,0
1.01,127.90758,0.49836502,0
1.01,6.2171292,0.066375826,0
1.02,25.855018,0.17221574,0
0.91,3.3835381,0.042733722,0
0.91,2.3589515,0.033599748,0
1.13,24.31576,0.17105179,0
0.84,0.6381632,0.013684338,0
1.0,6.412515,0.067534935,0
1.09,6.5212107,0.070286277,0
0.64,59.87756,0.26613965,1
1.1,6.9969266,0.073888808,0
1.1,151.86392,0.5749237,0
1.01,2.4370333,0.035551477,0
0.98,3.7221564,0.04667826,0
0.98,15.779796,0.12226979,0
0.85,14.034915,0.10784228,0
0.73,10.355847,0.083702979,0
0.98,9.9976185,0.090195034,0
0.98,90.411356,0.39150164,0
0.51,1.6826961,0.022115838,0
1.05,3.5957696,0.046676744,0
1.09,5.4042722,0.062012113,0
1.09,1.208465,0.022845873,0
0.69,5.714932,0.0553,0
0.69,12.4417,0.0929,0
0.69,18.16406,0.12,0
0.69,122.3874,0.427,1
0.69,267.291,0.718,1
1.15,12.913754,0.11283501,0
0.72,2.6281137,0.033397694,0
0.64,14.282267,0.099258486,0
0.9,9.0709773,0.082166184,0
1.1,14.586496,0.12057977,0
1.04,7.7519249,0.077647422,0
1.04,4.1653651,0.051320323,0
1.01,14.485852,0.11665751,0
1.3,40.699444,0.25266767,0
1.0,15.458057,0.121417,0
0.93,7.2385854,0.07146713,0
0.98,9.4341505,0.0881,0
1.02,161.47439,0.5840438,0
1.24,17.979791,0.14426906,0
0.91,30.996607,0.18709671,0
1.02,8.5034072,0.082054978,0
1.03,5.1695018,0.059077361,0
1.33,23.44971,0.17628625,0
0.85,16.080661,0.11808239,0
1.64,23.205846,0.18772515,0
0.88,6.0797289,0.062458745,0
1.14,10.214205,0.096223442,0
1.01,22.24814,0.15529084,0
1.02,9.4896157,0.088282651,0
1.4,4.4174586,0.058929654,0
1.0,16.338896,0.1259867,0
1.49,3.1739171,0.048265339,0
1.13,3.2758226,0.044952027,0
0.93,15.873646,0.12062991,0
1.03,16.225465,0.12664462,0
1.05,17.421175,0.13364651,0
0.97,29.907227,0.18661687,0
1.25,2.15491,0.035,0
1.25,5.859944,0.068,0
1.25,8.13123,0.084,0
1.25,258.8,0.89024121,0
1.08,3.0321456,0.042054987,0
0.92,21.385215,0.14661596,0
0.97,4.1820025,0.050275491,0
1.02,14.70749,0.11823208,0
1.02,0.90037648,0.01836506,0
1.04,13.724651,0.11363747,0
1.15,46.406336,0.26472424,0
0.86,1.2602591,0.021709455,0
1.01,24.543504,0.16579614,0
0.63,1.2870768,0.0198469,0
0.79,17.671796,0.12271728,0
1.04,17.815815,0.1352,0
0.75,9.2735819,0.078468434,0
0.7,6.0293013,0.057551091,0
0.79,21.676975,0.14062128,0
0.86,4.9967828,0.054383775,0
1.01,2.5255933,0.03640762,0
0.79,16.013102,0.11491293,0
1.03,4.4987609,0.053849776,0
0.91,41.439628,0.2270565,0
0.87,8.3539064,0.07690284,0
1.15,4.1255469,0.052730657,0
0.86,15.7259,0.1171,0
0.99,2.8165048,0.03889212,0
0.97,4.2809586,0.051065487,0
0.95,38.377462,0.21884415,0
0.88,3.7287311,0.045086288,0
0.6,2.2433819,0.028281043,0
0.79,2.337438,0.031857521,0
0.51,11.598222,0.080099023,0
1.0,6.5753168,0.068673209,0
0.94,7.2750372,0.071962955,0
0.87,12.393586,0.10003392,0
1.08,5.3988,0.061780151,0
1.08,9.6051,0.090709353,0
1.08,634.6,1.4917623,0
1.08,3.6899263,0.047936089,0
0.8,26.394356,0.16102017,0
0.92,12.611907,0.10310807,0
0.96,2.5391832,0.035924934,0
0.89,6.770302,0.067356305,0
1.11,1.6255222,0.028007809,0
0.94,1.5947455,0.02616253,0
0.77,20.50587,0.13435648,0
0.98,3.8959368,0.048120062,0
0.91,22.366561,0.15051837,0
0.81,13.722341,0.0952032,0
0.81,242.4613,0.646272,0
1.11,7.7480944,0.079325683,0
0.53,8.114379,0.063939863,0
0.9,21.812935,0.14748,0
0.76,15.375633,0.11040857,0
0.97,6.3658416,0.066527931,0
0.84,3.0403304,0.038745074,0
1.06,4.1904256,0.051854159,0
0.92,3.7098707,0.045604882,0
0.94,16.329762,0.12336882,0
0.81,27.807563,0.16740941,0
1.36,4.8854892,0.06067,0
0.98,80.872064,0.36345498,0
0.88,10.355332,0.089079915,0
0.9,10.526294,0.090734837,0
1.18,4.5835218,0.057051853,0
0.97,3.7618211,0.046848845,0
0.53,56.056054,0.23192623,1
0.87,41.408313,0.22356699,0
0.8,2.2374927,0.031072817,0
0.97,3.1678919,0.041777941,0
0.8,16.08525,0.11574212,0
0.94,4.3472855,0.051054138,0
0.84,23.589144,0.1518486,0
0.84,21.022477,0.14062372,0
0.84,226.89047,0.68677348,0
0.98,7.411141,0.073876838,0
1.09,8.098888,0.081208593,0
1.04,10.00653,0.092054072,0
0.83,10.371685,0.08745174,0
0.88,4.4084002,0.0504109,0
1.18,2.0523499,0.033391645,0
0.99,5.0073178,0.057076595,0
0.95,4.7083265,0.054033339,0
0.82,5.3920254,0.056313881,0
1.03,4.0935733,0.050565814,0
1.03,105.14475,0.44019697,0
0.92,4.0822751,0.048607916,0
0.9,3.3149463,0.041999236,0
0.88,39.643178,0.21799646,0
0.88,21.804511,0.14634168,0
0.89,5.1544844,0.056160338,0
0.95,5.7434773,0.061688001,0
0.94,3.1663537,0.041329338,0
1.05,6.4916828,0.0694,0
1.05,2.8518834,0.03997,0
1.03,3.8556036,0.048586641,0
0.49,9.467814,0.069035858,0
0.49,0.89304124,0.014305045,0
0.9,20.834247,0.14303499,0
0.85,6.1048529,0.06191074,0
0.85,11.51517,0.094513991,0
0.86,3.601472,0.043718212,0
0.51,28.599154,0.14619586,0
0.86,24.587216,0.15733136,0
0.93,12.532485,0.10304541,0
1.18,7.340711,0.0781,0
0.91,3.5841012,0.044406191,0
1.16,7.0390237,0.07550989,0
0.76,8.3608682,0.073555475,0
0.94,3.1792629,0.041441595,0
0.94,12.062224,0.10081004,0
1.04,9.9314356,0.091592945,0
0.91,3.4815925,0.043555397,0
0.82,35.617606,0.19825493,0
1.07,7.4074279,0.076047062,0
0.79,17.317166,0.12106998,0
0.91,8.8849116,0.09508841,0
1.15,9.4288718,0.091491762,0
1.15,4.0889902,0.052418696,0
0.87,17.444906,0.12564014,0
0.87,18.827473,0.13219367,0
0.68,5.747725,0.055208995,0
1.06,14.559624,0.11895379,0
0.82,1.2690904,0.021467222,0
0.82,2.8531336,0.036840788,0
0.82,1.2248663,0.020965567,0
1.08,1.0226788,0.020377159,0
1.16,12.10971,0.10841384,0
1.16,4.7579399,0.058157828,0
1.16,20.49662,0.15397506,0
1.16,8.1934719,0.083555338,0
1.04,41.805985,0.23878827,0
1.2,1.5449298,0.0274,0
0.89,8.7041942,0.079638904,0
0.89,2.4669744,0.034362333,0
0.95,10.128048,0.090039815,0
1.06,3.7705521,0.048329778,0
0.84,1.1965516,0.020807676,0
0.92,7.3368394,0.071852989,0
1.05,27.665523,0.18191364,0
1.1,6.100278,0.067433164,0
0.96,161.52801,0.57248646,0
0.82,11.391003,0.092716168,0
1.19,7.42609,0.078922109,0
1.19,15.987017,0.13158413,0
0.95,3.5787809,0.04501,0
0.94,18.925403,0.13611801,0
0.94,1.4753223,0.024839533,0
0.94,4.1524472,0.049517067,0
1.03,8.7348584,0.083809364,0
0.98,12.992073,0.10740815,0
1.04,3.7491001,0.047841562,0
1.57,11.089572,0.11308873,0
0.92,0.97486893,0.018709821,0
0.83,4.8971878,0.05302737,0
0.58,5.728126,0.052238888,0
0.81,3.7557443,0.044069207,0
0.46,7.0971422,0.05578077,0
0.84,0.35500744,0.0092560906,0
1.01,0.67737516,0.015141521,0
0.81,13.214073,0.10194416,0
0.98,158.68533,0.56965179,0
0.93,4.2926464,0.050445289,0
1.0,31.592265,0.19553751,0
0.77,1.9737609,0.028218645,0
0.81,53.529349,0.25905932,0
0.65,0.9283105,0.016129076,0
1.16,8.3984627,0.084943226,0
1.01,8.6384772,0.082649738,0
1.17,13.4845,0.11701316,0
1.17,27.4029,0.18708415,0
1.17,52.0902,0.28708969,0
1.17,81.0659,0.38602779,0
0.84,13.734698,0.10588036,0
1.3,14.553976,0.12729513,0
1.09,11.301192,0.10140699,0
0.98,4.2415364,0.050925313,0
1.19,11.131251,0.10336842,0
0.94,29.619342,0.1834858,0
0.93,6.4008762,0.065841061,0
0.96,27.072377,0.17402738,0
1.19,13.719334,0.11882666,0
0.95,133.46052,0.5023264,0
1.21,3.5224991,0.0474,0
0.73,7.05246,0.0648,0
0.73,9.52355,0.0792,0
0.73,3.07222,0.0372,0
0.73,4.64489,0.0491,0
0.73,0.9867873,0.0175,0
0.73,14.64558,0.10546011,0
0.85,14.13176,0.10833781,0
0.67,11.419283,0.086821451,0
0.93,40.058747,0.22359845,0
1.05,50.286382,0.27093988,0
1.01,14.374574,0.11605931,0
1.01,9.6518502,0.088993249,0
1.19,30.863893,0.20401356,0
0.99,8.0921964,0.078601753,0
1.04,117.93109,0.47673046,0
0.76,0.63133235,0.013140728,0
0.99,55.63934,0.28421214,0
1.03,4.5972539,0.054632904,0
1.01,23.584477,0.16144857,0
1.45,10.117165,0.10359484,0
0.95,19.129473,0.1375792,0
1.15,6.1469851,0.068788675,0
1.25,8.5750355,0.088301927,0
0.9,10.506826,0.090622926,0
1.03,3.9901062,0.049710134,0
0.94,10.035386,0.08917468,0
0.86,33.199565,0.19220469,0
0.91,26.44,0.16830092,0
0.91,51.54,0.26260643,0
0.91,2.382961,0.034,0
0.91,5.902206,0.063,0
0.91,75.732,0.33950033,0
1.23,127.83381,0.53199609,0
0.84,1.9227987,0.028546872,0
1.06,3.2229693,0.04352936,0
0.98,4.1680908,0.050335729,0
1.15,4.5143663,0.055993812,0
1.03,3.7736006,0.047895265,0
1.03,8.1818246,0.080233439,0
1.05,4.4875891,0.054106325,0
0.93,51.929276,0.26583494,0
0.81,0.56785714,0.012507311,0
0.98,6.8833756,0.070326536,0
1.07,11.296951,0.10075772,0
0.99,5.6215394,0.061653555,0
0.92,7.1396941,0.070559999,0
0.64,18.7547,0.11902631,0
0.7,13.323883,0.097640377,0
1.08,11.419094,0.10179784,0
1.03,11.361123,0.099862588,0
0.85,16.560595,0.12042033,0
0.98,15.74958,0.12211366,0
1.22,37.814451,0.23554183,0
1.04,2.4957796,0.036474679,0
0.85,124.41984,0.46192945,0
0.78,1.2195683,0.020559465,0
1.02,2.0538798,0.031824356,0
0.59,2.6130209,0.031133083,0
0.79,0.92785982,0.017207066,0
0.94,19.807922,0.14031738,0
0.83,2.3432319,0.032439869,0
1.01,6.9113442,0.071229248,0
1.23,394.62449,1.1278915,0
1.06,7.1930388,0.074339525,0
0.89,8.5069966,0.078431478,0
1.19,44.93098,0.26205301,0
1.3,7.1689246,0.079395036,0
1.17,2.1446328,0.034287841,0
1.03,7.8866311,0.078291807,0
0.96,8.0276806,0.077385577,0
0.99,85.351294,0.37803155,0
0.96,76.13602,0.34673161,0
0.81,20.381776,0.136092,0
1.04,5.1013794,0.058746106,0
0.82,3.9496314,0.045759915,0
0.88,3.1486645,0.040279868,0
0.96,15.594619,0.12048042,0
1.0,5.8337609,0.063407696,0
0.93,14.163993,0.11180495,0
0.75,2.6170325,0.033760022,0
0.92,150.24213,0.53781553,0
0.93,5.0325179,0.056086812,0
0.97,40.428776,0.22815354,0
1.1,114.73635,0.48131169,0
1.1,191.2318,0.6765141,0
1.01,21.358762,0.15112422,0
1.11,22.045902,0.15928289,0
1.05,2.5788551,0.037398766,0
1.18,20.553384,0.15514072,0
1.09,40.068673,0.23578801,0
1.06,27.50738,0.18179322,0
0.81,5.1443801,0.054353385,0
0.85,18.458471,0.12945327,0
0.81,25.942203,0.15983645,0
1.02,33.385594,0.20421252,0
1.46,7.7146897,0.086664151,0
1.06,4.4444802,0.053929388,0
0.9,3.9895397,0.047519542,0
1.06,12.984956,0.11021444,0
1.0,5.6991951,0.062428836,0
1.21,18.114729,0.14381116,0
1.1,6.2414637,0.068469646,0
1.19,20.422288,0.15491548,0
1.19,7.6384602,0.080419696,0
0.97,70.697906,0.33115999,0
1.14,3.744439,0.049287373,0
1.09,52.758756,0.28325751,0
1.06,53.449456,0.28307861,0
0.75,13.752107,0.10204134,0
1.0,6.3385576,0.067014665,0
0.87,9.803224,0.085558257,0
0.65,2.8062423,0.033720767,0
0.84,144.5474,0.50848271,0
1.03,8.0472642,0.079351317,0
0.65,5.8706191,0.055157335,0
0.93,19.178913,0.13684214,0
1.02,19.23891,0.14326518,0
1.02,38.9853,0.22750813,0
1.02,1.592851,0.0273,0
1.2,14.44912,0.12334766,0
0.78,6.9913086,0.065853683,0
0.59,3.5174944,0.03795618,0
0.95,40.109955,0.22538182,0
0.98,10.350772,0.092306741,0
0.98,62.922856,0.30746136,0
1.16,3.0216686,0.042969481,0
0.95,5.0827465,0.056861248,0
1.06,41.697998,0.23989526,0
1.08,15.866218,0.12675539,0
1.11,1.3405975,0.024631043,0
1.17,13.932903,0.11938028,0
1.31,6.24658,0.0731,0
1.26,2.364369,0.03750679,0
1.34,20.310501,0.16058005,0
1.07,2.5347563,0.037204455,0
0.63,10.296725,0.079388176,0
1.1,4.4096655,0.054313886,0
1.21,4.594896,0.057626442,0
0.85,32.29688,0.18797045,0
0.8,2.9704144,0.037533371,0
1.11,4.8538693,0.058077681,0
1.15,11.046034,0.10167474,0
0.89,6.531927,0.06576585,0
0.89,100.82741,0.40771685,0
0.93,51.300634,0.26368517,0
0.95,0.93846683,0.018437273,0
1.11,6.9336648,0.073664647,0
1.14,61.037012,0.31686434,0
0.77,33.867853,0.1877291,0
1.01,52.06886,0.2737382,0
0.99,9.1149903,0.085092659,0
0.73,3.9324613,0.043892819,0
1.01,0.92103214,0.018583743,0
1.09,4.72674,0.056714337,0
1.09,1460.0,2.5915147,0
1.25,71.451778,0.36292895,0
0.86,8.0375588,0.074660658,0
0.87,1.9214374,0.028869114,0
0.87,14.20443,0.10955491,0
0.81,55.673831,0.26593285,0
0.78,4.8808385,0.05182477,0
0.92,10.561342,0.091604803,0
1.15,67.668827,0.3404092,0
1.15,153.34336,0.58728943,0
0.92,52.629842,0.26725565,0
0.88,14.878296,0.11342425,0
0.81,2.50806,0.03366897,0
0.81,820.3,1.5982808,0
0.97,59.622526,0.29560179,0
0.89,17.423952,0.12649422,0
0.81,44.964175,0.23062993,0
0.93,49.770144,0.25841427,0
0.86,43.316774,0.22949847,0
0.97,31.003381,0.19114936,0
0.94,11.791626,0.099296659,0
0.9,26.964432,0.16987048,0
0.96,7.7684662,0.075710623,0
0.89,8.6893073,0.079548073,0
1.08,11.5231,0.10241503,0
1.02,98.718041,0.42070143,0
0.77,71.525308,0.30901506,0
1.0,130.35469,0.50303016,0
0.95,88.406553,0.38171605,0
0.95,9.1096711,0.083898184,0
0.82,16.781766,0.12004368,0
0.89,14.532442,0.11208099,0
1.1,5.2486726,0.061001443,0
0.81,5.9074135,0.059603186,0
0.91,9.7678805,0.086641025,0
1.6,14.800748,0.13795539,0
1.0,16.2385,0.12547008,0
0.77,3.1268622,0.038348256,0
0.96,16.877274,0.12699935,0
0.93,12.057072,0.10042268,0
0.91,9.9768371,0.08787229,0
0.93,13.522511,0.1084032,0
1.05,134.25273,0.5214205,0
1.02,99.747622,0.42362151,0
0.84,13.227134,0.10325549,0
0.84,198.71125,0.62866264,0
0.76,3.6929837,0.042661129,0
0.76,5.7094049,0.05703936,0
0.92,34.173171,0.20039907,0
0.92,1.6829346,0.026924665,0
0.94,2.58664,0.036116819,0
0.94,789.0,1.6365787,0
0.7,16.736522,0.11367171,0
0.88,9.5907072,0.084639067,0
1.15,7.0393255,0.075294433,0
0.86,49.607733,0.25121292,0
0.52,4.1944965,0.040922663,0
0.8,1.9703425,0.028547452,0
0.87,105.95641,0.41824828,0
0.87,26.853283,0.16749978,0
1.07,49.622151,0.27024306,0
0.87,8.0880135,0.075262254,0
0.99,1.54168,0.026024602,0
1.05,11.551025,0.10162167,0
0.98,4.4697577,0.052736046,0
1.16,15.773822,0.12930645,0
1.13,60.085508,0.31264312,0
0.96,43.034227,0.23703328,0
0.91,116.3319,0.45184477,0
0.96,56.434994,0.28398734,0
0.97,105.30331,0.43191158,0
0.55,17.760801,0.10912866,0
0.82,7.9643153,0.073037596,0
0.79,4.60358,0.050055182,0
1.05,9.9172343,0.091797962,0
1.05,0.53835431,0.013160875,0
0.64,82.534252,0.31963847,0
0.8,20.160345,0.13454623,0
0.57,22.085576,0.12770473,0
0.56,1.1511665,0.017714585,0
0.83,28.267317,0.17063128,0
1.09,3.7705906,0.048781817,0
1.22,2.7073067,0.040612008,0
1.12,5.6537773,0.064487375,0
1.29,5.991857,0.0702663,0
0.31,2.25314,0.0234165,0
0.31,3.690621,0.03253122,0
0.31,7.45086,0.05304,0
0.18,24.736959,0.09376848,1
0.18,3.777931,0.028035337,0
0.15,0.46292913,0.00622,0
0.43,14.4399,0.089066818,0
0.26,5.35882,0.038757163,0
0.87,3.91405,0.0464,0
1.72,2.14878,0.043,0
0.56,2774.0,3.2,0
0.19,1982.0,1.82,0
1.98,760.0,1.613,0
1.37,511.21,1.4071478,0
1.01,6.959,0.074776338,0
0.96,5.118,0.059570689,0
1.14,4.087,0.05283716,0
0.62,2.647298,0.032604173,0
1.64,4.511164,0.063,0
1.02,1.6753728,0.023,0
0.75,1.3373508,0.019,0
0.66,3.3569866,0.0382,0
0.54,5573.55,5.36712,0
0.54,2883.5,3.4919115,0
0.42,3225.0,3.142464,0
0.22,3285.0,2.6,0
0.51,1788.5,2.3,0
0.51,4927.5,4.550625,0
0.41,2557.0,2.59,0
0.88,1224.0,2.17,0
1.14,3.101278,0.0434,0
0.85,4.0144463,0.0473,0
0.78,1.4324752,0.02289,0
1.3,1.689868,0.03035,0
1.14,3.9791,0.051,0
1.33,3.67724,0.051,0
1.52,2.4855335,0.0308,0
0.76,43500.0,22.0,0
1.53,138.317,0.65360654,0
0.94,282.5255,0.8975934,0
0.69,3.1606296,0.03734,0
1.4,25.262,0.19,0
1.4,66.5419,0.36006227,0
1.4,98.2114,0.46,0
1.4,0.09070629,0.00440792,0
1.4,0.322964,0.010200015,0
1.24,4.4264,0.06,0
0.94,2.1461,0.031761921,0
0.94,4850.0,6.886275,0
0.12,11.186,0.051470625,1
0.84,1.4200242,0.02332,0
1.16,1.645321,0.0286,0
0.74,1.3371165,0.02153,0
1.15,2.5079204,0.03783,0
0.9,1.8053564,0.02803,0
1.13,2.8792319,0.04127,0
1.41,2.032046,0.0352,0
1.03,3.71495,0.0474,0
0.72,1.540731,0.0234,0
0.44,4343.5,5.3,0
0.17,9.8658,0.049933709,0
1.1,1.796,0.03,0
1.24,4.2,0.055,0
1.04,10.79,0.0968,0
1.25,5.857342,0.0583,0
1.13,9.47725,0.098019936,0
0.87,34.556,0.206987,0
0.87,17.089,0.13042646,0
0.4,3.36008,0.0306,0
0.4,5.660172,0.0472,0
0.4,11.38014,0.0733,0
0.08,1.5108708,0.011146446,0
0.08,2.4218233,0.015262391,0
0.08,4.04961,0.021492528,1
0.08,6.099615,0.028271764,1
0.08,9.20669,0.037173625,1
0.08,12.35294,0.045183909,1
0.08,18.767,0.059539171,0
1.15,198.4,0.691242,0
1.15,559.3,1.3715782,0
1.19,562.0,1.42079,0
1.87,26.468,0.21013608,0
0.97,101.54,0.4385424,0
0.09,4.91,0.0252,1
0.09,11.409,0.0443,1
1.04,3.03007,0.04151029,0
1.36,2.47063,0.039618162,0
0.93,1.3061858,0.02282,0
1.08,3.55395,0.046751083,0
0.9,1.4822469,0.02459,0
0.7,5840.0,5.90472,0
0.7,1916.25,2.8035,0
0.5,1170.0,1.7,0
1.1,24.13861,0.16975809,0
1.0,4.927,0.057,0
1.24,2.5199454,0.03889,0
0.75,3.0927616,0.03781,0
0.77,2.84938,0.036044586,0
1.41,3.58572,0.05140044,0
1.22,0.925542,0.01985,0
1.08,1.7554137,0.02918,0
0.89,7.87288,0.075,0
0.93,9.28971,0.084399261,0
0.69,5.72149,0.055,0
1.42,3.72247,0.052823415,0
1.32,4.5421688,0.05885,0
1.29,1.5487743,0.028512053,0
1.29,10.02165,0.10346225,0
1.32,4.0460435,0.05453,0
1.02,2.49979,0.036361057,0
1.43,1.09142,0.0232,0
1.39,3.6112706,0.051483499,0
1.35,1.2749255,0.02544,0
1.17,2.9776412,0.04263,0
1.07,3.37265,0.044906488,0
1.12,3.2888,0.04562738,0
1.08,4.178062,0.052,0
1.0,5.748145,0.063089382,0
0.72,4.35301,0.046753432,0
1.04,11.55098,0.1012,0
1.06,5.322023,0.0607,0
0.8,7.133521,0.067,0
1.16,2.176423,0.034998525,0
0.98,1.4013794,0.0243,0
1.41,5.215357,0.0661,0
1.22,3.634433,0.0494,0
0.92,5.924262,0.062,0
1.62,2.24375,0.039544511,0
0.9,2.2359835,0.032335675,0
1.25,3.310651,0.0469,0
1.33,2.052868,0.0347,0
0.81,2.2783152,0.0316,0
0.76,1.7690381,0.0261,0
1.04,4.60273,0.0549,0
1.18,3.7521,0.049925201,0
1.08,4.533471,0.055000247,0
1.34,3.332609,0.048001944,0
0.84,3.836169,0.04530111,0
1.06,3.951623,0.0499,0
1.38,3.656333,0.0517,0
1.41,3.840401,0.0538,0
1.78,3.1186,0.050616176,0
0.87,3.7684952,0.0452,0
1.39,5.4060425,0.0673,0
0.95,9.62468,0.095302904,0
0.97,1.6096884,0.0266,0
0.95,1.7771255,0.02818,0
1.25,3.465509,0.04823,0
1.19,5.44354,0.0641,0
1.59,2.0219596,0.0365,0
1.08,4.153658,0.0519,0
2.28,3.73543,0.061998556,0
0.93,2.3447802,0.0337,0
1.49,5.477433,0.0694,0
1.05,1.3866532,0.0248,0
1.3,4.2337,0.0559,0
0.88,3.071722,0.03957,0
1.46,0.94145,0.021322938,0
1.04,4.5195064,0.05427,0
0.78,4.1117771,0.04632,0
0.9,0.78883899,0.016340033,0
1.35,5.367753,0.0663,0
0.89,2.152226,0.03138,0
1.2,4.8996284,0.06,0
0.89,4.322482,0.052,0
1.46,3.53269,0.05149729,0
0.78,2.9444256,0.037672267,0
1.43,2.34121,0.03886707,0
0.67,3.76483,0.041434751,0
0.86,2.7566,0.036581221,0
1.02,3.40883,0.04469,0
0.77,3.92273,0.044626633,0
1.62,1.84683,0.034591216,0
1.16,3.4059096,0.04659,0
0.72,2.71866,0.034160455,0
1.5,1.21987,0.0239,0
0.96,4.31768,0.051220942,0
1.05,3.16158,0.042839274,0
1.08,1.537366,0.02677,0
0.93,3.577469,0.0446,0
1.76,6.87188,0.085426553,0
0.93,4.055259,0.0486,0
0.86,1.3382315,0.0226,0
0.81,3.0524,0.038379459,0
0.81,421.0,1.1162433,0
0.95,4.9816819,0.0561,0
0.58,0.813475,0.0142,0
0.95,2.4238039,0.03473,0
0.95,3.12609,0.041123026,0
0.83,1.4303676,0.02335,0
1.04,4.1591289,0.051269087,0
1.04,588.5,1.4540245,0
1.04,9.03077,0.085976498,0
1.04,0.789592,0.016935154,0
0.88,2.14363,0.031172406,0
0.92,2.78174,0.03764002,0
0.96,1.6284279,0.026719277,0
0.89,1.9551,0.0293,0
0.87,1.7497798,0.0272,0
0.84,3.3098443,0.041028454,0
0.84,2840.0,5.036249,0
1.08,3.69364,0.048085769,0
1.11,4.46563,0.05493794,0
0.71,4.6171,0.048399609,0
0.89,2.8389186,0.03769,0
1.06,5.01718,0.058467963,0
0.72,7.919585,0.0700485,0
0.55,3.36101,0.036015229,0
1.19,4.305,0.054870718,0
1.82,3.8559,0.058742243,0
1.11,4.41195,0.054496791,0
1.28,4.37808,0.056855001,0
1.0,1.5732918,0.02648,0
0.93,2.3114243,0.0334,0
1.33,4.08605,0.054995761,0
0.91,4.61442,0.052553474,0
1.49,5.0843,0.066078335,0
0.98,3.86814,0.047890904,0
1.28,4.9546416,0.0617,0
1.11,3.7130203,0.04853,0
0.76,2.90367,0.036342287,0
2.78,2.21673,0.04677348,0
2.52,4.08722,0.068065715,0
0.98,2.13775,0.032251965,0
1.14,2.484193,0.0375,0
1.46,1.809886,0.033,0
1.49,1.36003,0.027432831,0
1.87,2.17518,0.04046879,0
1.43,3.66238,0.05237578,0
1.34,8.15872,0.091623704,0
1.34,4323.0,5.28,0
0.58,3.0678523,0.034400069,0
1.08,2.7164762,0.039165116,0
1.48,2.70579,0.04329717,0
1.11,4.971252,0.059,0
0.84,8.5234865,0.0771,0
1.09,2.6556777,0.039,0
1.2,1.682795,0.02946,0
0.94,4.954,0.055700125,0
0.92,3.3564227,0.043495266,0
1.55,3.916243,0.0562,0
0.84,2.798581,0.037,0
1.19,2.1746742,0.0348,0
1.33,2.7325321,0.04211,0
1.67,3.95019,0.058008776,0
1.24,2.00839,0.0335,0
1.46,2.18467,0.037372406,0
1.06,3.4252602,0.0453,0
1.18,2.07276,0.033612661,0
0.81,2.9626404,0.03762,0
1.21,5.75251,0.066938545,0
1.2,3.352057,0.047235,0
0.82,1.0187068,0.01855,0
0.29,4.8869,0.037921875,0
0.29,17.8719,0.08953845,1
0.29,217.21,0.5410875,0
0.69,6.00118,0.0571,0
0.88,3.94153,0.046785758,0
0.97,2.6158618,0.0368,0
0.98,18.157,0.132106,0
0.98,120.8,0.48115212,0
0.58,3.19154,0.036858781,0
1.1,4.12508,0.051951174,0
1.04,4.1877558,0.0515,0
1.47,3.7650007,0.0815,0
0.13,1.96876,0.01557,0
0.13,3.06008,0.02091672,0
0.13,4.65627,0.027869979,0
1.5,380.8,1.2375,0
1.13,628.96,1.4673,0
1.7,605.2,1.70544,0
1.76,7665.0,9.12912,0
1.76,1200.0,2.77776,0
1.4,522.3,1.42527,0
1.7,417.9,1.307865,0
0.83,2502.0,4.2253028,0
2.7,594.9,1.952003,0
1.23,428.5,1.2023379,0
1.4,903.3,2.052461,0
1.47,415.2,1.267342,0
1.47,964.6,2.1735252,0
1.05,511.098,1.59854,0
1.5,1285.0,2.6869529,0
1.5,357.8,1.104455,0
3.04,530.32,1.9149866,0
3.04,3186.0,6.1830362,0
2.17,277.02,1.1061798,0
2.13,187.83,0.84513962,0
3.09,1630.0,3.932955,0
1.09,6.2679,0.06839,0
1.19,3117.0,4.7844,0
0.89,39.8458,0.21975276,0
0.89,102.54,0.41285743,0
1.34,3.3124568,0.049002965,0
0.78,162.87,0.5467156,1
0.78,636.13,1.3510752,0
0.78,20.0,0.1332394,0
0.78,49.41,0.24942735,0
2.3,305.5,1.1705622,0
1.3,4.617033,0.059235688,0
1.3,241.258,0.85566674,0
1.3,1276.46,2.62541,0
0.41,28.1656,0.13456,1
0.41,7.9069606,0.05769,0
0.12,3.204,0.021,0
0.12,6.689,0.035,1
0.12,13.031,0.054,1
